Title,Link,PublishDate
"Υποβολή της Δήλωσης Εισοδήματος Ατόμου χωρίς Λογαριασμούς (ΤΦ1) και Πληρωμής Φόρου / Εισφορών για το Φορολογικό Έτος 2024 ΜΕΧΡΙ KAI ΤΙΣ 15/10/2025 χωρίς την επιβολή Διοικητικού Προστίμου και Χρηματικών Επιβαρύνσεων ",http://www.mof.gov.cy/mof/tax/taxdep.nsf/All/53590959681F0445C2258D150026279B?OpenDocument,30/09/2025 06:54:51
"Υποβολή αιτημάτων για Εγγραφή στο Φορολογικό Μητρώο ή και αλλαγή της κατηγορίας Εγγραφής Φορολογουμένου, για σκοπούς Υποβολής της Δήλωσης Εισοδήματος Ατόμου για το έτος 2024 ",http://www.mof.gov.cy/mof/tax/taxdep.nsf/All/815C305CA13D29D7C2258D08003E63C8?OpenDocument,17/09/2025 11:27:16
"Ενημερωτικό και άλλο Πληροφοριακό Υλικό για υποστήριξη των Υπηρεσιών που παρέχονται μέσω της Πύλης TAX FOR ALL (TFA) ",http://www.mof.gov.cy/mof/tax/taxdep.nsf/All/D2ECFFC1FA15D986C2258D0800342737?OpenDocument,17/09/2025 11:18:01
"Ανεπιθύμητα ηλεκτρονικά μηνύματα ",http://www.mof.gov.cy/mof/tax/taxdep.nsf/All/DA9E9826A0900F51C2258D00003DFD9D?OpenDocument,09/09/2025 11:15:26
"Πρόσβαση στο σύστημα TFA μέσω της υπηρεσίας CY Login ",http://www.mof.gov.cy/mof/tax/taxdep.nsf/All/7CB8CD15620491D0C2258CEC0043B2E2?OpenDocument,20/08/2025 12:19:46
"Υποβολή της Δήλωσης (Εργοδότη) Παρακράτησης Φόρου και Εισφορών (ΤΦ 7) μέσω του Συστήματος TaxForAll (TFA) ",http://www.mof.gov.cy/mof/tax/taxdep.nsf/All/5154E8F5509B1154C2258CEC00434CBF?OpenDocument,20/08/2025 12:15:41
Προσωρινή διακοπή στη λειτουργία του Tax For All (TFA) για σκοπούς προγραμματισμένης αναβάθμισης,http://www.mof.gov.cy/mof/tax/taxdep.nsf/All/13FB91C83D72DB79C2258CE400273F34?OpenDocument,12/08/2025 07:15:45
Παραπλανητικά ηλεκτρονικά μηνύματα,http://www.mof.gov.cy/mof/tax/taxdep.nsf/All/512A137573E1523AC2258CE0002D082F?OpenDocument,08/08/2025 08:14:03
"Υποβολή Δήλωσης Παρακράτησης Φόρων & Εισφορών (ΤΦ7) για το έτος 2024 ",http://www.mof.gov.cy/mof/tax/taxdep.nsf/All/E97B69FDBD2FDF5CC2258C9000406A46?OpenDocument,31/07/2025 07:14:36
"Απαραίτητη η καταχώριση Αριθμού Φορολογικής Ταυτότητας (ΑΦΤ) των εργοδοτουμένων για την υποβολή της Δήλωσης Παρακράτησης Φόρου και Εισφορών Εργοδότη (ΤΦ 7) για τα έτη 2025 και μετά ",http://www.mof.gov.cy/mof/tax/taxdep.nsf/All/A329C1251B037411C2258CD1003BCC71?OpenDocument,24/07/2025 10:52:34
"Παραπλανητικά ηλεκτρονικά μηνύματα ",http://www.mof.gov.cy/mof/tax/taxdep.nsf/All/50B268611467FAAFC2258CCE0040975B?OpenDocument,21/07/2025 11:43:58
Επαναλειτουργία TFA,http://www.mof.gov.cy/mof/tax/taxdep.nsf/All/507163086BE37D13C2258CCB003324A7?OpenDocument,18/07/2025 09:22:08
"Προσωρινή διακοπή στη λειτουργία των μηχανογραφικών συστημάτων του Τμήματος Φορολογίας για σκοπούς προγραμματισμένης αναβάθμισης ",http://www.mof.gov.cy/mof/tax/taxdep.nsf/All/AE10BE129BA412BFC2258CBB00424E68?OpenDocument,02/07/2025 12:07:23
"Αναθεωρημένη Έκδοση Εργαλείου Υπολογισμού Τέλους Χαρτοσήμου ",http://www.mof.gov.cy/mof/tax/taxdep.nsf/All/6F096F65FA2967B2C2258CB9002F1529?OpenDocument,30/06/2025 08:32:16
"Παράταση ημερομηνίας υποβολής της Δήλωσης Φ.Π.Α. και πληρωμής του Οφειλόμενου Φ.Π.Α. για την περίοδο που έληξε στις 31/05/2025 και του Ανακεφαλαιωτικού Πίνακα (VIES) για την περίοδο που αφορά τον μήνα Ιούνιο 2025 ",http://www.mof.gov.cy/mof/tax/taxdep.nsf/All/3B83DEE7EEAB65EBC2258CB5003C8122?OpenDocument,26/06/2025 11:07:21
"Τερματίζονται οι Πληρωμές Παρακράτησης Φόρου και Εισφορών (PAYE/DAS) μέσω της Φορολογικής Πύλης ",http://www.mof.gov.cy/mof/tax/taxdep.nsf/All/241EACE196DB4BB9C2258CB5003C97E5?OpenDocument,26/06/2025 11:03:02
"Τερματίζονται οι Πληρωμές Παρακράτησης Φόρου και Εισφορών (PAYE/DAS) μέσω της Φορολογικής Πύλης ",http://www.mof.gov.cy/mof/tax/taxdep.nsf/All/241EACE196DB4BB9C2258CB5003C97E5?OpenDocument,26/06/2025 11:01:50
"Παράταση ημερομηνίας υποβολής της Δήλωσης Φ.Π.Α. και πληρωμής του Οφειλόμενου Φ.Π.Α. για την περίοδο που έληξε στις 31/05/2025 και του Ανακεφαλαιωτικού Πίνακα (VIES) για την περίοδο που αφορά τον μήνα Ιούνιο 2025 ",http://www.mof.gov.cy/mof/tax/taxdep.nsf/All/3B83DEE7EEAB65EBC2258CB5003C8122?OpenDocument,26/06/2025 10:58:35
Προσωρινή Διακοπή στη Λειτουργία Μηχανογραφικών Συστημάτων του Τμήματος Φορολογίας -  Πέμπτη 26/06/2025 (15:00-18:00),http://www.mof.gov.cy/mof/tax/taxdep.nsf/All/D5BE807892A9DA01C2258CB4004228EC?OpenDocument,25/06/2025 12:01:20
"Συμμόρφωση ως προς τις Διατάξεις της περί Φόρου Προστιθέμενης Αξίας Νομοθεσίας αναφορικά με την επιβολή Μειωμένου Συντελεστή Φ.Π.Α. 5% για αγορά/ανέγερση κύριας και μόνιμης κατοικίας ",http://www.mof.gov.cy/mof/tax/taxdep.nsf/All/401C436EF173B980C2258CB4002C634A?OpenDocument,25/06/2025 08:03:18
"Εκστρατεία Ελέγχου και Συμμόρφωσης ως προς τις Διατάξεις της περί Φόρου Προστιθέμενης Αξίας Νομοθεσίας αναφορικά με την επιβολή Μειωμένου Συντελεστή Φ.Π.Α. 5% για αγορά/ανέγερση κύριας και μόνιμης κατοικίας ",http://www.mof.gov.cy/mof/tax/taxdep.nsf/All/0C682230132A7F60C2258CB4001C1813?OpenDocument,25/06/2025 05:07:04
Παράταση Ημερομηνίας Υποβολής της Δήλωσης Εισοδήματος Ατόμου για το Φορολογικό Έτος 2024,http://www.mof.gov.cy/mof/tax/taxdep.nsf/All/208C2474632DF7E0C2258CAF003037F6?OpenDocument,20/06/2025 08:47:05
"Υποβολή, μέχρι και την 30η Νοεμβρίου 2025, της Δήλωσης Εισοδήματος Εταιρείας (ΤΦ4) και Αυτοεργοδοτουμένων με Υποχρέωση Ετοιμασίας Λογαριασμών (ΤΦ1 λογ.) για το Φορολογικό Έτος 2023, χωρίς την επιβολή Χρηματικής Επιβάρυνσης, από πρόσωπα τα οποία ΔΕΝ ΕΧΟΥΝ ΥΠΟΧΡΕΩΣΗ υποβολής Συνοπτικού Πίνακα Πληροφοριών Ελεγχόμενων Συναλλαγών ",http://www.mof.gov.cy/mof/tax/taxdep.nsf/All/F3B0A464681AE709C2258CAC0030E96E?OpenDocument,17/06/2025 09:01:58
"Υποβολή, μέχρι και την 30η Νοεμβρίου 2025, της Δήλωσης Εισοδήματος Εταιρείας (ΤΦ4) και Αυτοεργοδοτουμένων με Υποχρέωση Ετοιμασίας Λογαριασμών (ΤΦ1 λογ.) για το Φορολογικό Έτος 2023, χωρίς την επιβολή Χρηματικής Επιβάρυνσης, από πρόσωπα τα οποία ΔΕΝ ΕΧΟΥΝ ΥΠΟΧΡΕΩΣΗ υποβολής Συνοπτικού Πίνακα Πληροφοριών Ελεγχόμενων Συναλλαγών ",http://www.mof.gov.cy/mof/tax/taxdep.nsf/All/F3B0A464681AE709C2258CAC0030E96E?OpenDocument,17/06/2025 08:56:39
"Τερματίζεται η Υποβολή /Τροποποίηση Δηλώσεων Παρακράτησης Φόρου και Εισφορών (Τ.Φ.7) μέσω TAXISnet για τα έτη μέχρι και το 2023, λόγω έναρξης της διαδικασίας μεταφοράς της Δήλωσης Τ.Φ.7 στο νέο Μηχανογραφικό Σύστημα TAX FOR ALL (TFA) ",http://www.mof.gov.cy/mof/tax/taxdep.nsf/All/59F2937A95F8C473C2258CA50030D1D7?OpenDocument,10/06/2025 09:01:45
"Τερματίζεται η Υποβολή /Τροποποίηση Δηλώσεων Παρακράτησης Φόρου και Εισφορών (Τ.Φ.7) μέσω TAXISnet για τα έτη μέχρι και το 2023, λόγω έναρξης της διαδικασίας μεταφοράς της Δήλωσης Τ.Φ.7 στο νέο Μηχανογραφικό Σύστημα TAX FOR ALL (TFA) ",http://www.mof.gov.cy/mof/tax/taxdep.nsf/All/59F2937A95F8C473C2258CA50030D1D7?OpenDocument,10/06/2025 08:52:49
"Προκήρυξη Διαγωνισμού για αγορά υπηρεσιών έκδοσης/επανέκδοσης Εγκυκλίων του Τμήματος Φορολογίας ",http://www.mof.gov.cy/mof/tax/taxdep.nsf/All/21BBD56E8BCE924AC2258C1B003D014A?OpenDocument,03/06/2025 10:29:59
"Επιβολή μηδενικού συντελεστή Φ.Π.Α. σε βασικά είδη από 4 Νοεμβρίου, 2024 μέχρι 31 Δεκεμβρίου, 2025 ",http://www.mof.gov.cy/mof/tax/taxdep.nsf/All/8DE7F94E028D75B3C2258C060029A5E0?OpenDocument,03/06/2025 10:27:28
"Υποβολή Δήλωσης Παρακράτησης Φόρων & Εισφορών (ΤΦ7) για το έτος 2024 ",http://www.mof.gov.cy/mof/tax/taxdep.nsf/All/E97B69FDBD2FDF5CC2258C9000406A46?OpenDocument,20/05/2025 11:44:07
"Ανεπιθύμητη αλληλογραφία ",http://www.mof.gov.cy/mof/tax/taxdep.nsf/All/438A68C430C5766AC2258C810027CA91?OpenDocument,05/05/2025 07:12:45
"Έναρξη Υποβολής της Δήλωσης Εισοδήματος Ατόμου για το Φορολογικό Έτος 2024 ",http://www.mof.gov.cy/mof/tax/taxdep.nsf/All/49450550EEAF95A5C2258C7C004410D7?OpenDocument,30/04/2025 12:21:43
Διακοπή Λειτουργίας των Μηχανογραφικών Συστημάτων στο Επαρχιακό Γραφείο Λάρνακας στις 24 Απριλίου 2025 ώρα 12:00,http://www.mof.gov.cy/mof/tax/taxdep.nsf/All/E827F0DDA0CDA67DC2258C75001EC453?OpenDocument,23/04/2025 05:35:49
"Αναζήτηση/Επαλήθευση, για σκοπούς υποβολής της Δήλωσης Παρακράτησης Φόρου και Εισφορών (Τ.Φ.7), του Αριθμού της Φορολογικής Ταυτότητας των εργοδοτουμένων μέσω της Πύλης Φορολογουμένων (ΤΑΧ PORTAL) ",http://www.mof.gov.cy/mof/tax/taxdep.nsf/All/258F3549214E885CC2258C620042115E?OpenDocument,04/04/2025 12:02:01
"Υποβολή, μέχρι και την 30η Ιουνίου 2025, της Δήλωσης Εισοδήματος Εταιρείας (ΤΦ4) και Αυτοεργοδοτουμένων με Υποχρέωση Ετοιμασίας Λογαριασμών (ΤΦ1 λογ.) για το Φορολογικό Έτος 2023, χωρίς την επιβολή Χρηματικής Επιβάρυνσης, από πρόσωπα τα οποία ΔΕΝ ΕΧΟΥΝ ΥΠΟΧΡΕΩΣΗ υποβολής Συνοπτικού Πίνακα Πληροφοριών Ελεγχόμενων Συναλλαγών ",http://www.mof.gov.cy/mof/tax/taxdep.nsf/All/830E747CF447449FC2258C53002972B3?OpenDocument,20/03/2025 06:31:53
Παράταση της προσωρινής ελάφρυνσης των αλλοδαπών ΧρηματοπιστωτικώνΙδρυμάτων για την αναφορά των Αριθμών Φορολογικού Μητρώου (ΑΦΜ) τωνΗΠΑ,http://www.mof.gov.cy/mof/tax/taxdep.nsf/All/2203E479C7652A82C2258C3B002E3008?OpenDocument,24/02/2025 10:43:10
Παράταση της προσωρινής ελάφρυνσης των αλλοδαπών ΧρηματοπιστωτικώνΙδρυμάτων για την αναφορά των Αριθμών Φορολογικού Μητρώου (ΑΦΜ) τωνΗΠΑ,http://www.mof.gov.cy/mof/tax/taxdep.nsf/All/2203E479C7652A82C2258C3B002E3008?OpenDocument,24/02/2025 07:27:05
"Παράταση προθεσμίας υποβολής των προσφορών Διαγωνισμός για την αγορά υπηρεσιών με σκοπό την έκδοση/επανέκδοση Εγκυκλίων του Τμήματος Φορολογίας ",http://www.mof.gov.cy/mof/tax/taxdep.nsf/All/0E486253EEDA3955C2258C340040483E?OpenDocument,17/02/2025 10:46:31
"Επιτόκια Απόδοσης 10ετών Κυβερνητικών Ομολόγων κατά την 31/12/2024  ",http://www.mof.gov.cy/mof/tax/taxdep.nsf/All/226CBCE55182D275C2258C310023DCA1?OpenDocument,14/02/2025 05:29:45
"Υποβολή, μέχρι και την 31η Μαΐου 2025, της Δήλωσης Εισοδήματος Εταιρείας (Τ.Φ.4) και Αυτοεργοδοτουμένων με Υποχρέωση Ετοιμασίας Λογαριασμών (Τ.Φ.1 λογ.) για το έτος 2022, χωρίς την Επιβολή Χρηματικής Επιβάρυνσης ",http://www.mof.gov.cy/mof/tax/taxdep.nsf/All/A4FB82C43CAC6401C2258C30003EB92D?OpenDocument,13/02/2025 10:26:14
"Προθεσμία υποβολής της Δήλωσης Εισοδήματος Εταιρείας και του Συνοπτικού Πίνακα Πληροφοριών Ελεγχόμενων Συναλλαγών για το έτος 2022 Επιβολή Διοικητικού προστίμου και χρηματικής επιβάρυνσης ",http://www.mof.gov.cy/mof/tax/taxdep.nsf/All/67303822544FF1B8C2258C2F003E36E0?OpenDocument,12/02/2025 10:25:36
"Προσωρινή Διακοπή στη Λειτουργία των Μηχ/κών Συστημάτων Παρασκευή 07/02/2025 (12:00-16:30) ",http://www.mof.gov.cy/mof/tax/taxdep.nsf/All/C5AF94CE7A14B7FBC2258C29002BDB29?OpenDocument,06/02/2025 07:01:18
"Προκήρυξη Διαγωνισμού για αγορά υπηρεσιών έκδοσης/επανέκδοσης Εγκυκλίων του Τμήματος Φορολογίας ",http://www.mof.gov.cy/mof/tax/taxdep.nsf/All/21BBD56E8BCE924AC2258C1B003D014A?OpenDocument,23/01/2025 10:12:55
"Υποβολή της Δήλωσης (Εργοδότη) Παρακράτησης και Φόρου και Εισφορών (ΤΦ 7) μέσω του Συστήματος TAX FOR ALL (TFA) ",http://www.mof.gov.cy/mof/tax/taxdep.nsf/All/069B71249FB4E84BC2258C1100317C67?OpenDocument,13/01/2025 07:58:24
"Παράταση Ημερομηνίας Υποβολής της Δήλωσης Φ.Π.Α. και Πληρωμής του Οφειλόμενου Φ.Π.Α. για την περίοδο που έληξε στις 30/11/2024 και της Δήλωσης INTRASTAT που αφορά τον μήνα Δεκέμβριο 2024 ",http://www.mof.gov.cy/mof/tax/taxdep.nsf/All/F73C86D4A824454EC2258C0E0023E5AE?OpenDocument,10/01/2025 05:50:27
"Επιβολή μηδενικού συντελεστή Φ.Π.Α. σε βασικά είδη από 4 Νοεμβρίου, 2024 μέχρι 31 Δεκεμβρίου, 2025 ",http://www.mof.gov.cy/mof/tax/taxdep.nsf/All/8DE7F94E028D75B3C2258C060029A5E0?OpenDocument,02/01/2025 06:35:48
"Μέχρι και την 31η Δεκεμβρίου 2024 η πληρωμή, χωρίς την επιβολή χρηματικών επιβαρύνσεων και τόκων, του Τέλους Κεντρικού Φορέα Ισότιμης Κατανομής Βαρών (Κ.Φ.Ι.Κ.Β.) λόγω μεταβίβασης ακίνητης ιδιοκτησίας και μετοχών κατόπιν πώλησης κατά την περίοδο 22/02/2021 μέχρι 18/11/2022. ",http://www.mof.gov.cy/mof/tax/taxdep.nsf/All/557264461B2ED0F9C2258BEB0033CFF8?OpenDocument,27/12/2024 15:36:17
"Μέχρι και την 31η Δεκεμβρίου 2024 η πληρωμή, χωρίς την επιβολή χρηματικών επιβαρύνσεων και τόκων, του Τέλους Κεντρικού Φορέα Ισότιμης Κατανομής Βαρών (Κ.Φ.Ι.Κ.Β.) λόγω μεταβίβασης ακίνητης ιδιοκτησίας και μετοχών κατόπιν πώλησης κατά την περίοδο 22/02/2021 μέχρι 18/11/2022. ",http://www.mof.gov.cy/mof/tax/taxdep.nsf/All/557264461B2ED0F9C2258BEB0033CFF8?OpenDocument,06/12/2024 08:39:37
"CbCR -Διευκρινήσεις για την διμερή Συμφωνία μεταξύ Κύπρου και ΗΠΑ ",http://www.mof.gov.cy/mof/tax/taxdep.nsf/All/2A4DD0A12996D2C7C2258BDA003E49C5?OpenDocument,19/11/2024 10:22:56
"Επιβολή μηδενικού συντελεστή Φ.Π.Α. σε Βασικά Είδη από 4 Νοεμβρίου 2024 μέχρι 31 Δεκεμβρίου 2025 ",http://www.mof.gov.cy/mof/tax/taxdep.nsf/All/960A54AFBD4C822FC2258BC70047B4EB?OpenDocument,31/10/2024 12:02:39
"Απόφαση Υπουργικού Συμβουλίου για παράταση της ημερομηνίας υποβολής της Δήλωσης Εισοδήματος Ατόμου και Πληρωμής Φόρου/Εισφορών για το έτος 2023 μέχρι την 30η Νοεμβρίου 2024 ",http://www.mof.gov.cy/mof/tax/taxdep.nsf/All/E542068FC3626F8AC2258BC6002C9A83?OpenDocument,30/10/2024 07:06:59
"Παράταση ημερομηνίας υποβολής Δήλωσης Εισοδήματος, από πρόσωπα τα οποία έχουν υποχρέωση υποβολής Συνοπτικού Πίνακα Πληροφοριών Ελεγχόμενων Συναλλαγών, για τα έτη 2022 και 2023 ",http://www.mof.gov.cy/mof/tax/taxdep.nsf/All/EE00D324A437F811C2258BC10044EE07?OpenDocument,25/10/2024 12:31:05
Πρόταση Υπουργού Οικονομικών για  Παράταση Ημερομηνίας Υποβολής της Δήλωσης Εισοδήματος Ατόμου για το έτος 2023 μέχρι και την 30η Νοεμβρίου 2024,http://www.mof.gov.cy/mof/tax/taxdep.nsf/All/108BE2CB56B24FB5C2258BC100421A0E?OpenDocument,25/10/2024 12:02:17
"Mη διαθέσιμη, προσωρινά, η είσοδος στο σύστημα TAXISnet για χρήστες εξωτερικού, λόγω των μέτρων που λαμβάνονται για αντιμετώπιση των Κυβερνοεπιθέσεων ",http://www.mof.gov.cy/mof/tax/taxdep.nsf/All/03B741793A406B65C2258BBF00441379?OpenDocument,23/10/2024 12:27:29
"Υποβολή Αιτημάτων για Εγγραφή ή και Αλλαγή Στοιχείων στο Φορολογικό Μητρώο για σκοπούς Υποβολής της Δήλωσης Εισοδήματος Ατόμου 2023 ",http://www.mof.gov.cy/mof/tax/taxdep.nsf/All/AE82E764EED31BDDC2258BB9003F721A?OpenDocument,17/10/2024 11:36:42
"Τερματισμός Επιβολής Μηδενικού Συντελεστή Φ.Π.Α. στις Παραδόσεις Βασικών Ειδών από 1/10/2024 ",http://www.mof.gov.cy/mof/tax/taxdep.nsf/All/57172A26E02B53ABC2258BA3004663FF?OpenDocument,16/10/2024 09:36:15
"Αναβαθμισμένη Έκδοση του νέου Μηχανογραφικού Συστήματος Tax For ALL (TFA) μετά τη διακοπή στις 20/09/2024 ",http://www.mof.gov.cy/mof/tax/taxdep.nsf/All/9B9138DE06ACBD73C2258BA3002AA4A6?OpenDocument,03/10/2024 10:23:49
"Τερματισμός Επιβολής Μειωμένου Συντελεστή Φ.Π.Α. στις Παραδόσεις Βασικών Ειδών από 1/10/2024 ",http://www.mof.gov.cy/mof/tax/taxdep.nsf/All/57172A26E02B53ABC2258BA3004663FF?OpenDocument,25/09/2024 13:04:31
"Αναβαθμισμένη Έκδοση του νέου Μηχανογραφικού Συστήματος Tax For ALL (TFA) μετά τη διακοπή στις 20/09/2024 ",http://www.mof.gov.cy/mof/tax/taxdep.nsf/All/9B9138DE06ACBD73C2258BA3002AA4A6?OpenDocument,25/09/2024 07:44:00
"Υποβολή Ένστασης στον Έφορο Φορολογίας για θέματα Φ.Π.Α. ",http://www.mof.gov.cy/mof/tax/taxdep.nsf/All/4423B2C710D3B449C2258B850043B64F?OpenDocument,25/09/2024 07:27:07
"Διακοπή στη Λειτουργία του νέου Μηχανογραφικού Συστήματος Tax For ALL (TFA) από τις 20/09/2024 μέχρι και τις 25/09/2024 ",http://www.mof.gov.cy/mof/tax/taxdep.nsf/All/984D4D45F0F713C7C2258B9D00411FCB?OpenDocument,19/09/2024 11:53:10
"Αναβολή της Υποβολής Ενστάσεων για θέματα Φ.Π.Α. μέσω της Πύλης TAX FOR ALL ",http://www.mof.gov.cy/mof/tax/taxdep.nsf/All/73FCCF6DA1C8FC1AC2258B89003ADCAA?OpenDocument,30/08/2024 10:42:10
"Υποβολή Ένστασης στον Έφορο Φορολογίας για θέματα Φ.Π.Α. ",http://www.mof.gov.cy/mof/tax/taxdep.nsf/All/4423B2C710D3B449C2258B850043B64F?OpenDocument,27/08/2024 06:33:41
"Υποβολή Ένστασης στον Έφορο Φορολογίας για θέματα Φ.Π.Α. ",http://www.mof.gov.cy/mof/tax/taxdep.nsf/All/4423B2C710D3B449C2258B850043B64F?OpenDocument,26/08/2024 12:25:23
"Εκτός Λειτουργίας τα συστήματα FATCA, CRS/DAC2, CbCR/DAC4, DAC6,DAC7",http://www.mof.gov.cy/mof/tax/taxdep.nsf/All/80E429150CAD71EDC2258B78001FB076?OpenDocument,13/08/2024 06:08:19
"Εκτός Λειτουργίας τα συστήματα FATCA, CRS/DAC2, CbCR/DAC4, DAC6,DAC7",http://www.mof.gov.cy/mof/tax/taxdep.nsf/All/80E429150CAD71EDC2258B78001FB076?OpenDocument,13/08/2024 05:50:29
"Επιτόκια Απόδοσης του 10ετούς ΚΥΒΕΡΝΗΤΙΚΟΥ ΟΜΟΛΟΓΟΥ του Μαυροβουνίου (σε Ευρώ) και του Καμερούν (σε Ευρώ) ",http://www.mof.gov.cy/mof/tax/taxdep.nsf/All/9F3DF2058B06DF0BC2258B5100373367?OpenDocument,05/07/2024 10:01:27
"Δηλώσεις Παρακράτησης Φόρου & Εισφορών (ΤΦ 7) που δεν έχουν υποβληθεί και αφορούν τα έτη από το 2019 και μετέπειτα ",http://www.mof.gov.cy/mof/tax/taxdep.nsf/All/02694F8C86DD14A8C2258B50001E583E?OpenDocument,04/07/2024 05:30:04
"Επιβολή Μηδενικού Συντελεστή Φ.Π.Α. σε βασικά είδημέχρι 30 Σεπτεμβρίου, 2024 ",http://www.mof.gov.cy/mof/tax/taxdep.nsf/All/11F9726A81260F60C2258B4A002B176D?OpenDocument,28/06/2024 07:58:12
Παράταση Ημερομηνίας Υποβολής της Δήλωσης Εισοδήματος Ατόμου για το Έτος 2023,http://www.mof.gov.cy/mof/tax/taxdep.nsf/All/A1BBAEA464ADE2B8C2258B43003F5FF2?OpenDocument,21/06/2024 11:33:55
"Διακοπή Λειτουργίας της Διαδικτυακής Πύλης TFA (TAX FOR ALL) ",http://www.mof.gov.cy/mof/tax/taxdep.nsf/All/2EF17D1DF8AEDE4DC2258B2700433F88?OpenDocument,14/06/2024 06:54:54
"Υποβολή Υπεύθυνης Δήλωσης για επιβολή Μειωμένου Συντελεστή Φ.Π.Α. στην Αγορά / Ανέγερση Κατοικίας και έκδοση πιστοποιητικού Μειωμένου Συντελεστή Φ.Π.Α. ",http://www.mof.gov.cy/mof/tax/taxdep.nsf/All/DF49F280D4E161F7C2258B19003C5F1F?OpenDocument,14/06/2024 06:53:44
"Παράταση μέχρι 31/12/2024 της προθεσμίας καταβολής του Τέλους Κεντρικού Φορέα Ισότιμης Κατανομής Βαρών (Κ.Φ.Ι.Κ.Β.) 0,4%, λόγω μεταβίβασης ακίνητης ιδιοκτησίας και μετοχών κατόπιν πώλησης κατά την περίοδο 22/02/2021 μέχρι 18/11/2022 ",http://www.mof.gov.cy/mof/tax/taxdep.nsf/All/FADDA995A5AE19FFC2258B35002339A9?OpenDocument,07/06/2024 06:42:59
"Υποβολή Δήλωσης Παρακράτησης Φόρων & Εισφορών (ΤΦ 7) για το έτος 2023, μέχρι 31 Ιουλίου 2024 ",http://www.mof.gov.cy/mof/tax/taxdep.nsf/All/06708DCF82AEA157C2258B320041B64F?OpenDocument,04/06/2024 11:56:19
"Επιβολή μηδενικού συντελεστή Φ.Π.Α. σε βασικά είδη από 1η Νοεμβρίου 2023 ",http://www.mof.gov.cy/mof/tax/taxdep.nsf/All/8B7F01FEBC2973BDC2258A3000358CB5?OpenDocument,31/05/2024 10:32:44
"Ερωτήματα που αφορούν στη συμπλήρωση και υποβολή του Συνοπτικού Πίνακα Πληροφοριών Ελεγχόμενων Συναλλαγών και τη Βεβαίωση Διενέργειας Ελέγχου Διασφάλισης Ποιότητας του Κυπριακού Φακέλου Τεκμηρίωσης Τιμών Ελεγχόμενων Συναλλαγών ",http://www.mof.gov.cy/mof/tax/taxdep.nsf/All/D8E7FABD65A8D259C2258B2A00421353?OpenDocument,27/05/2024 12:38:35
"Διακοπή Λειτουργίας της Διαδικτυακής Πύλης TFA (TAX FOR ALL) ",http://www.mof.gov.cy/mof/tax/taxdep.nsf/All/2EF17D1DF8AEDE4DC2258B2700433F88?OpenDocument,24/05/2024 12:13:30
"Δήλωση Εισοδήματος Ατόμου_ Αναδρομικές αναπροσαρμογές εισφορών στο Ταμείο Σύνταξης, για σκοπούς εφαρμογής του νέου συνταξιοδοτικού σχεδίου για μισθωτούς Δημόσιου και Ευρύτερου Δημόσιου Τομέα περιλαμβανομένων και των Αρχών Τοπικής Αυτοδιοίκησης ",http://www.mof.gov.cy/mof/tax/taxdep.nsf/All/1F305D438C908D01C2258B260023B333?OpenDocument,23/05/2024 06:28:56
"Υποβολή Συνοπτικού Πίνακα Πληροφοριών Ελεγχόμενων Συναλλαγών για το έτος 2022 ",http://www.mof.gov.cy/mof/tax/taxdep.nsf/All/70E907DA56C85BEFC2258B23003CA24E?OpenDocument,20/05/2024 11:01:03
Έναρξη Υποβολής Δήλωσης Εισοδήματος Ατόμου 2023,http://www.mof.gov.cy/mof/tax/taxdep.nsf/All/692E176B440179D9C2258B23003872CC?OpenDocument,20/05/2024 10:20:01
"Υποβολή Υπεύθυνης Δήλωσης για επιβολή Μειωμένου Συντελεστή Φ.Π.Α. στην Αγορά / Ανέγερση Κατοικίας και έκδοση πιστοποιητικού Μειωμένου Συντελεστή Φ.Π.Α. ",http://www.mof.gov.cy/mof/tax/taxdep.nsf/All/DF49F280D4E161F7C2258B19003C5F1F?OpenDocument,10/05/2024 11:00:29
"Μηδενικός Συντελεστής ΦΠΑ σε Βασικά Είδη μέχρι 30/6/2024 ",http://www.mof.gov.cy/mof/tax/taxdep.nsf/All/AEBC0E4037FF12F2C2258B0E003F2B11?OpenDocument,30/04/2024 05:21:43
"Εκστρατεία Ελέγχου Συμμόρφωσης για την ορθή εφαρμογή των προνοιών του Περί Χαρτοσήμων Νόμου (Ν. 19/1963) όπως αυτός τροποποιήθηκε ",http://www.mof.gov.cy/mof/tax/taxdep.nsf/All/50EAEF355F98D241C2258ADE0023AE16?OpenDocument,12/03/2024 05:42:24
Επιτόκια Απόδοσης 10ετών Κυβερνητικών Ομολόγων κατά την 31/12/2023,http://www.mof.gov.cy/mof/tax/taxdep.nsf/All/4427BCE5AB9330BCC2258AD9003E0942?OpenDocument,11/03/2024 08:31:24
Υποβολή Δηλώσεων ΤΦ 603 και ΤΦ 602 για τον μήνα Ιανουάριο 2024,http://www.mof.gov.cy/mof/tax/taxdep.nsf/All/7EEF1ED923395185C2258AD20045E7FE?OpenDocument,29/02/2024 11:46:37
"Παράταση ημερομηνίας υποβολής: (α) της Δήλωσης Εισοδήματος Εταιρείας και (β) του Συνοπτικού Πίνακα Πληροφοριών Ελεγχόμενων Συναλλαγών για το έτος 2022, ΜΟΝΟ για τις εταιρείες που έχουν υποχρέωση να υποβάλουν Συνοπτικό Πίνακα Πληροφοριών Ελεγχόμενων Συναλλαγών για το έτος 2022 ",http://www.mof.gov.cy/mof/tax/taxdep.nsf/All/3270582D82E10C09C2258ACC00475959?OpenDocument,23/02/2024 12:02:13
"Αλλαγή στην καταβολή παρακράτησης Έκτακτης Αμυντικής Εισφοράς και Εισφοράς ΓεΣΥ σε πληρωτέα ενοίκια Νομικών Προσώπων (κώδικας 614 και 714 αντίστοιχα) ",http://www.mof.gov.cy/mof/tax/taxdep.nsf/All/AB270005A42FD4B2C2258ACA0044FB3A?OpenDocument,22/02/2024 05:07:00
"Υποβολή Δήλωσης Παρακράτησης Φόρων & Εισφορών (ΤΦ 7) για το έτος 2024 μέσω του συστήματος TAX FOR ALL (TFA) ",http://www.mof.gov.cy/mof/tax/taxdep.nsf/All/1050E451934A0E4CC2258ACA0049F4E3?OpenDocument,21/02/2024 12:31:57
"Απαλλαγή από την καταβολή Τέλους για Κεντρικό Φορέα Ισότιμης Κατανομής Βαρών, λόγω μεταβίβασης ακίνητης ιδιοκτησίας και μετοχών κατόπιν πώλησης στο πλαίσιο αναδιάρθρωσης δανείων από 22 Φεβρουαρίου 2021 ",http://www.mof.gov.cy/mof/tax/taxdep.nsf/All/DFD5F7E897897F21C2258AB6003DADDC?OpenDocument,02/02/2024 07:07:03
"Παράταση ημερομηνίας υποβολής των στοιχείων DAC7 για το 2023 ",http://www.mof.gov.cy/mof/tax/taxdep.nsf/All/BE12A540CD8D050AC2258AA7003612D6?OpenDocument,17/01/2024 08:49:39
"Υποβολή στοιχείων DAC7 ",http://www.mof.gov.cy/mof/tax/taxdep.nsf/All/795DD6140CFB6590C2258AA500368480?OpenDocument,15/01/2024 08:54:46
"Γραπτή Εξέταση για την πλήρωση 26 κενών θέσεων Αρχιφοροθέτη (μισθολογική κλίμακα Α9, Α11, Α12) ",http://www.mof.gov.cy/mof/tax/taxdep.nsf/All/5CA78797845DAA66C2258AA500312C15?OpenDocument,15/01/2024 08:23:42
"Έκδοση πιστοποιητικών απαλλαγής Φόρου Κεφαλαιουχικών Κερδών για μεταβίβαση ακινήτων, από το Επαρχιακό Γραφείο Αμμοχώστου κατά τις ημερομηνίες από 11/1/2024-16/01/2024 ",http://www.mof.gov.cy/mof/tax/taxdep.nsf/All/C74F137D9516B0B3C2258A9E00366F0F?OpenDocument,08/01/2024 08:55:40
"Εγγραφή στο Φορολογικό Μητρώο μέσω της Πύλης Φορολογουμένων TFA ",http://www.mof.gov.cy/mof/tax/taxdep.nsf/All/88AA2EB35531A1A3C2258A9B0040D1E1?OpenDocument,05/01/2024 10:54:08
Αναθεώρηση Προσωρινής Φορολογίας,http://www.mof.gov.cy/mof/tax/taxdep.nsf/All/A5B5FB0925B18D37C2258A8C0039EDDB?OpenDocument,21/12/2023 09:35:16
"Παράταση ημερομηνίας υποβολής της Δήλωσης Φ.Π.Α. για την περίοδο που έληξε στις 30/11/2023 ",http://www.mof.gov.cy/mof/tax/taxdep.nsf/All/F4763D941EE04AC4C2258A8A003C067C?OpenDocument,19/12/2023 10:04:49
"Διακοπή Λειτουργίας της Πύλης Φορολογουμένων Tax For All (TFA) ",http://www.mof.gov.cy/mof/tax/taxdep.nsf/All/0A6CB254F8C02B89C2258A8400383643?OpenDocument,13/12/2023 09:12:47
"Παράταση προθεσμίας καταβολής του Τέλους Κεντρικού Φορέα Ισότιμης Κατανομής Βαρών (Κ.Φ.Ι.Κ.Β.) 0,4% λόγω μεταβίβασης ακίνητης ιδιοκτησίας και μετοχών κατόπιν πώλησης κατά την περίοδο 22/02/2021 μέχρι 18/11/2022 ",http://www.mof.gov.cy/mof/tax/taxdep.nsf/All/75C6B4A29D97CFD5C2258A7D002D2DE2?OpenDocument,06/12/2023 07:17:41
"Αυτόματη Ανταλλαγή Πληροφοριών Περί Χρηματοοικονομικών Λογαριασμών DAC2/CRS Διευκρινήσεις για τη Δέουσα Επιμέλεια: Νέοι λογαριασμοί Φυσικών Προσώπων και Λογαριασμοί Οντοτήτων: Αυτοπιστοποίηση ",http://www.mof.gov.cy/mof/tax/taxdep.nsf/All/60491DA1E3F2EF0CC2258A7800305669?OpenDocument,01/12/2023 07:49:55
Επιβολή μηδενικού συντελεστή ΦΠΑ σε κρέατα και λαχανικά για την περίοδο 01/12/202-31/05/2024,http://www.mof.gov.cy/mof/tax/taxdep.nsf/All/A5AEB78637ECC31BC2258A6A00403A17?OpenDocument,20/11/2023 05:32:10
"Υποχρέωση απόδοσης Τέλους Κεντρικού Φορέα Ισότιμης Κατανομής Βαρών (Κ.Φ.Ι.Κ.Β.) 0,4% λόγω μεταβίβασης ακίνητης ιδιοκτησίας κατόπιν πώλησης κατά την περίοδο 22/02/2021 μέχρι 18/11/2022 ",http://www.mof.gov.cy/mof/tax/taxdep.nsf/All/DE9E1B46615E3F76C2258A6000284F46?OpenDocument,07/11/2023 06:21:57
Παράταση Ημερομηνίας Υποβολής Ένστασης και Επιβολής Πρόσθετου Φόρου για Φορολογίες Εισοδήματος Ατόμου που εκδόθηκαν εντός του 2023,http://www.mof.gov.cy/mof/tax/taxdep.nsf/All/7178A63A33F48D2DC2258A4B00451490?OpenDocument,17/10/2023 12:45:12
"Διευκρινήσεις για την διμερή Συμφωνία μεταξύ Κύπρου και ΗΠΑ ",http://www.mof.gov.cy/mof/tax/taxdep.nsf/All/CED65670EF8A9B93C2258A3F001DEBEE?OpenDocument,05/10/2023 05:34:27
Παράταση Ημερομηνίας Υποβολής της Δήλωσης INTRASTAT για τον Μήνα Σεπτέμβριο 2023,http://www.mof.gov.cy/mof/tax/taxdep.nsf/All/39835116DAD78DCCC2258A3E004B1CC6?OpenDocument,04/10/2023 13:41:59
"Παράταση Υποβολής της Δήλωσης Φ.Π.Α. που έληξε στις 31/08/2023 και Πληρωμής Οφειλόμενου Φ.Π.Α. λόγω διακοπής στη λειτουργία των Μηχανογραφικών Συστημάτων ",http://www.mof.gov.cy/mof/tax/taxdep.nsf/All/784D68BECD921649C2258A3D003F6165?OpenDocument,03/10/2023 11:34:20
"Διακοπή Λειτουργίας Μηχανογραφικών Συστημάτων του Τμήματος Φορολογίας ",http://www.mof.gov.cy/mof/tax/taxdep.nsf/All/E8BE4EDC9CEA8C5CC2258A3C00440D27?OpenDocument,02/10/2023 12:27:58
"Παράταση, μέχρι 31 Οκτωβρίου 2023, Υποβολής της Δήλωσης Εισοδήματος Ατόμου για το έτος 2022 και Πληρωμής Φόρου/Εισφορών ",http://www.mof.gov.cy/mof/tax/taxdep.nsf/All/11C39FC8ED484C12C2258A350029E57A?OpenDocument,25/09/2023 07:40:32
"Τροποποίηση Δήλωσης Φ.Π.Α.(κανονικό καθεστώς) ",http://www.mof.gov.cy/mof/tax/taxdep.nsf/All/1792C9D5409A9301C2258A32002246B0?OpenDocument,22/09/2023 06:43:02
" Επιβολή μηδενικού συντελεστή Φ.Π.Α. σε βασικά είδη από 1η Νοεμβρίου 2023 ",http://www.mof.gov.cy/mof/tax/taxdep.nsf/All/8B7F01FEBC2973BDC2258A3000358CB5?OpenDocument,20/09/2023 09:46:28
"Ανεπιθύμητη αλληλογραφία ",http://www.mof.gov.cy/mof/tax/taxdep.nsf/All/264AFD2929A47113C2258A2F0047D1F6?OpenDocument,19/09/2023 13:06:37
"Εξυπηρέτηση κοινού - Επαρχιακό Γραφείο Αμμοχώστου Πέμπτη 21/9/2023 ",http://www.mof.gov.cy/mof/tax/taxdep.nsf/All/C1DA60736D114189C2258A2F00420609?OpenDocument,19/09/2023 12:04:35
"Υποχρέωση απόδοσης Τέλους Κεντρικού Φορέα Ισότιμης Κατανομής Βαρών (Κ.Φ.Ι.Κ.Β) 0,4% και Φόρου Κεφαλαιουχικών Κερδών από μεταβίβαση μετοχών εταιρείας η οποία είναι ιδιοκτήτρια ακίνητης ιδιοκτησίας",http://www.mof.gov.cy/mof/tax/taxdep.nsf/All/45E47E635EDEF5F8C2258A1D004192E6?OpenDocument,01/09/2023 12:16:57
"Υποβολή Δήλωσης Εισοδήματος Εταιρείας (ΤΦ4) και Αυτοεργοδοτούμενου με Λογ/σμούς (ΤΦ1 Λογ.) για το Φορολογικό Έτος 2022 ",http://www.mof.gov.cy/mof/tax/taxdep.nsf/All/A6F3B6D88E06E37AC2258A1900398CD3?OpenDocument,28/08/2023 10:35:16
Υπενθύμιση Υποβολής Δήλωσης Εισοδήματος Ατόμου για το Έτος 2022,http://www.mof.gov.cy/mof/tax/taxdep.nsf/All/62299092BB8A34C5C2258A16002FE55C?OpenDocument,25/08/2023 10:50:55
Προκήρυξη για τη Μίσθωση Υπηρεσιών τριών  Νομικών Συμβούλων,http://www.mof.gov.cy/mof/tax/taxdep.nsf/All/486C19F91B5DB4BBC22589F6003F1E3F?OpenDocument,24/07/2023 11:44:51
"Μείωση συντελεστή Φ.Π.Α. για ορισμένα προϊόντα/ υπηρεσίες (Τροποποιητικός Νόμος 75(Ι)/2023) ",http://www.mof.gov.cy/mof/tax/taxdep.nsf/All/3829A4C3BBC95CD7C22589F30038EAFB?OpenDocument,21/07/2023 10:27:47
"Έναρξη Υποβολής Δήλωσης Εισοδήματος Ατόμου 2022 ",http://www.mof.gov.cy/mof/tax/taxdep.nsf/All/F2D97AE4E10F964BC22589ED003FD0C2?OpenDocument,15/07/2023 11:39:29
"Δήλωση Εισοδήματος Ατόμου 2022 ",http://www.mof.gov.cy/mof/tax/taxdep.nsf/All/23220650A997A224C22589E20026B49D?OpenDocument,04/07/2023 07:08:33
"FATCA/CRS/DAC2-Registration & Data Submission User Guide ",http://www.mof.gov.cy/mof/tax/taxdep.nsf/All/49DD0288AE3FBCFBC22589D5003E9C57?OpenDocument,22/06/2023 07:16:25
"Υποβολή Δήλωσης και καταβολή Φ.Π.Α. Ειδικού Καθεστώτος Αστικών Ταξί ",http://www.mof.gov.cy/mof/tax/taxdep.nsf/All/200E314E9F979691C22589D3003DAF96?OpenDocument,19/06/2023 11:54:39
Έναρξη Υποβολής της Δήλωσης Εισοδήματος Ατόμου για το Φορολογικό Έτος 2021,http://www.mof.gov.cy/mof/tax/taxdep.nsf/All/25D00EBB9D4541ACC225881E0023742C?OpenDocument,09/06/2023 09:42:51
"Παράταση καταληκτικής ημερομηνίας Υποβολής της Δήλωση Εισοδήματος Ατόμου για το Φορολογικό Έτος 2022 ",http://www.mof.gov.cy/mof/tax/taxdep.nsf/All/E97A6B7BA4C1C405C22589C9003505C1?OpenDocument,09/06/2023 09:39:59
"Πρόσθετα επιτόκια απόδοσης 10ετών Κυβερνητικών Ομολόγων στις 31 Δεκεμβρίου 2022, 2021 και 2020 ",http://www.mof.gov.cy/mof/tax/taxdep.nsf/All/31AF1E1C20162C75C22589B80040C32E?OpenDocument,23/05/2023 11:50:07
"Ειδικό Καθεστώς Αγροτών (ΕΚΑ) - Υποβολή Αίτησης για Επιστροφή ΦΠΑ (έντυπο Φ.Π.Α.207) ",http://www.mof.gov.cy/mof/tax/taxdep.nsf/All/18FAD9462629C525C22589B3002BB4B9?OpenDocument,18/05/2023 07:58:42
"Υποχρέωση Αποδοχής Μέσων Πληρωμής με Κάρτα ",http://www.mof.gov.cy/mof/tax/taxdep.nsf/All/BD90A3A617B5AA0FC22589A40037486B?OpenDocument,16/05/2023 11:27:11
Νέα Έκδοση Εργαλείου Υπολογισμού Τελών Χαρτοσήμων,http://www.mof.gov.cy/mof/tax/taxdep.nsf/All/053AD558E171D1DBC22589AC002BEFAE?OpenDocument,11/05/2023 08:05:41
"Αλλαγές στον τρόπο πληρωμής φορολογικών οφειλών Άμεσης Φορολογίας ",http://www.mof.gov.cy/mof/tax/taxdep.nsf/All/A8FE64CDFF3907DEC22589AC002BDCE8?OpenDocument,11/05/2023 07:59:51
"Εξόφληση οφειλής, από μη δικαιούχους πρόσωπα που «επωφελήθηκαν» μειωμένου συντελεστή Φ.Π.Α. 5% για αγορά/ανέγερση κατοικίας ",http://www.mof.gov.cy/mof/tax/taxdep.nsf/All/4EC2B8584946DD43C22589A6003C885C?OpenDocument,09/05/2023 05:26:17
"Ανεπιθύμητη Αλληλογραφία   ",http://www.mof.gov.cy/mof/tax/taxdep.nsf/All/198ACECD4A632C6FC22589A90041FBC4?OpenDocument,08/05/2023 12:01:36
"Νέα Μορφή Αριθμού Φορολογικής Ταυτότητας (Α.Φ.Τ.) ",http://www.mof.gov.cy/mof/tax/taxdep.nsf/All/0C52630C3AF8E554C22589A50042395D?OpenDocument,04/05/2023 12:04:33
"Tax For All (TFA) – Στάδιο 1 Φ.Π.Α. Υποβολή Δηλώσεων και Πληρωμή Φ.Π.Α. ",http://www.mof.gov.cy/mof/tax/taxdep.nsf/All/D211FE0D838226BAC22589A500157F1C?OpenDocument,04/05/2023 05:38:54
Μηδενικός Συντελεστής ΦΠΑ σε Βασικά Είδη,http://www.mof.gov.cy/mof/tax/taxdep.nsf/All/931B0BDFB2CA435AC22589A400456914?OpenDocument,03/05/2023 12:40:52
"Δήλωση Εισοδήματος Ατόμου 2022 (Ψήφιση Τροποποιητικού Νόμου [άρθρο 8(23A)] και καθυστέρηση έναρξης ημερομηνίας υποβολής) ",http://www.mof.gov.cy/mof/tax/taxdep.nsf/All/7E3A713FED55844BC22589A3004190C3?OpenDocument,02/05/2023 11:57:58
Ειδικό Καθεστώς Αγροτών – Επέκταση δικαιώματος υποβολής,http://www.mof.gov.cy/mof/tax/taxdep.nsf/All/5FF089D942A4DA4EC225899B002E0136?OpenDocument,24/04/2023 09:55:03
"Tax For All (TFA) – Στάδιο 1 Φ.Π.Α. Παράταση Υποβολής Δηλώσεων και Πληρωμής Φ.Π.Α. ",http://www.mof.gov.cy/mof/tax/taxdep.nsf/All/72B1349CB36FAE09C2258997002EB409?OpenDocument,20/04/2023 08:31:17
"Ανεπιθύμητη Αλληλογραφία ",http://www.mof.gov.cy/mof/tax/taxdep.nsf/All/6794C6178CBD0A7CC225899200508E7E?OpenDocument,15/04/2023 14:42:39
"Παράταση Υποβολής της Δήλωσης INTRASTAT για τον μήνα Μάρτιο 2023 ",http://www.mof.gov.cy/mof/tax/taxdep.nsf/All/1BB664CCA0658EE7C225898F0031F48C?OpenDocument,12/04/2023 09:07:26
Tax For All (TFA) Ειδικό Καθεστώς Αγροτών,http://www.mof.gov.cy/mof/tax/taxdep.nsf/All/B77D6A48382543C7C225898800382622?OpenDocument,05/04/2023 10:59:06
"Συντελεστής ΦΠΑ από 01/04/2023 μέχρι 31/05/2023 για προϊόντα που σχετίζονται με τη νόσο Covid-19 ",http://www.mof.gov.cy/mof/tax/taxdep.nsf/All/2EAB1E7C78B556FDC225898300413B6F?OpenDocument,31/03/2023 11:54:55
Tax For All (TFA) – Στάδιο 1 Φ.Π.Α.Ενεργοποίηση λογαριασμού,http://www.mof.gov.cy/mof/tax/taxdep.nsf/All/6F3D87BA239ED74DC22589810033FC50?OpenDocument,29/03/2023 09:28:13
Tax For All (TFA) – Στάδιο 1 Φ.Π.Α.(Ενεργοποίηση λογαριασμού),http://www.mof.gov.cy/mof/tax/taxdep.nsf/All/22E5C1A0E0F52167C225897C003EFD4D?OpenDocument,24/03/2023 10:57:08
Tax For All (TFA) – Στάδιο 1 Φ.Π.Α.Παράταση Υποβολής Δηλώσεων και Πληρωμής Φ.Π.Α.,http://www.mof.gov.cy/mof/tax/taxdep.nsf/All/4E49B1EE799DA5C2C225897C003F0BE0?OpenDocument,24/03/2023 10:30:12
Tax For All (TFA) – Στάδιο 1 Φ.Π.Α. (διαδικασίες),http://www.mof.gov.cy/mof/tax/taxdep.nsf/All/2C5247177DEA0C1EC225897C003E4185?OpenDocument,24/03/2023 10:27:53
Tax For All (TFA) – Στάδιο 1 Φ.Π.Α.,http://www.mof.gov.cy/mof/tax/taxdep.nsf/All/798BD94917DA9777C2258975003F30AC?OpenDocument,17/03/2023 10:31:27
Επιτόκια Απόδοσης 10ετών Κυβερνητικών Ομολόγων κατά την 31.12.2022,http://www.mof.gov.cy/mof/tax/taxdep.nsf/All/732357B56EC09D47C2258974002B973E?OpenDocument,16/03/2023 07:01:47
Πληρωμές Φ.Π.Α._Μετάβαση από το TAXISnet στο Tax For All,http://www.mof.gov.cy/mof/tax/taxdep.nsf/All/8573B88CB4190AAAC225896E0045D3F4?OpenDocument,10/03/2023 11:43:13
Taxisnet – Φ.Π.Α.,http://www.mof.gov.cy/mof/tax/taxdep.nsf/All/C3BEE60F8DECD4BDC225896E00459BF7?OpenDocument,10/03/2023 11:41:29
Ταχεία Επιβολή Φορολογιών και καθυστέρηση στη παραλαβή τηςΕιδοποίησης Επιβολής Φόρου/Εισφορών,http://www.mof.gov.cy/mof/tax/taxdep.nsf/All/1C6511A12DD3E530C22589660028929A?OpenDocument,02/03/2023 06:24:34
Αναθεωρημένοι κωδικοί για πεδίο ΑΦΜ στο σχήμα FATCA XML,http://www.mof.gov.cy/mof/tax/taxdep.nsf/All/03A017435CCE9030C225895D00252A9A?OpenDocument,21/02/2023 05:47:30
Ειδικό Καθεστώς Αγροτών_ Υποβολή αιτημάτων επιστροφής ΦΠΑ για το έτος 2022,http://www.mof.gov.cy/mof/tax/taxdep.nsf/All/BF53EC353FEDF48BC2258942002137A0?OpenDocument,25/01/2023 05:03:56
Τρόπος Πληρωμής Φορολογικών Οφειλώνμετά από έκδοση Ειδοποίησης Επιβολής Φορολογίας,http://www.mof.gov.cy/mof/tax/taxdep.nsf/All/961AFC8EA1598256C225893B004EB8D0?OpenDocument,18/01/2023 13:21:26
"Ενιαίο Σύστημα Φορολογικής Διαχείρισης Tax For All (TFA), Επικαιροποίηση ηλεκτρονικού ταχυδρομείου (e-mail)",http://www.mof.gov.cy/mof/tax/taxdep.nsf/All/55E196E0DDCF98F7C225893A0044C236?OpenDocument,17/01/2023 11:32:59
"Συντελεστής Φ.Π.Α. από 13/1/2023 μέχρι 31/3/2023 για προϊόντα που σχετίζονται με τη νόσο Covid-19 ",http://www.mof.gov.cy/mof/tax/taxdep.nsf/All/003FF10823AB44B2C2258936004672FF?OpenDocument,13/01/2023 12:05:33
Συντελεστής ΦΠΑ από 1/1/2023 για Προϊόντα και Υπηρεσίες που σχετίζονται με τη νόσο Covid -19,http://www.mof.gov.cy/mof/tax/taxdep.nsf/All/18EED7C78ED00FCEC225892E00292EE2?OpenDocument,05/01/2023 07:00:33
Εξυπηρέτηση κοινού στα κατά τόπους Επαρχιακά Γραφεία ΕίσπραξηςΦόρων την Δευτέρα 19/12/2022,http://www.mof.gov.cy/mof/tax/taxdep.nsf/All/76A2C7CE45D25D85C225891D002F2D14?OpenDocument,19/12/2022 07:38:24
Εξυπηρέτηση κοινού στα κατά τόπους Επαρχιακά Γραφεία ΕίσπραξηςΦόρων την Παρασκευή 16/12/2022,http://www.mof.gov.cy/mof/tax/taxdep.nsf/All/B5E28E80FC49F49FC225891A0032B6F7?OpenDocument,16/12/2022 08:22:41
Ανεπιθύμητη αλληλογραφία,http://www.mof.gov.cy/mof/tax/taxdep.nsf/All/5F5CE8CA00AC7F37C2258917002D7DA1?OpenDocument,15/12/2022 07:23:45
"Αυτόματη Ανταλλαγή Φορολογικών Πληροφοριών DAC2 /CRS Διευκρινήσεις για ορθή συμπλήρωση του αρχείου XML ",http://www.mof.gov.cy/mof/tax/taxdep.nsf/All/016792C12FC64E4AC225890F0041DE7A?OpenDocument,05/12/2022 11:01:51
Διερεύνηση Διεθνούς Φορολογικής απάτης ΦΠΑ η οποία συντονίστηκε από τηνΕυρωπαϊκή Εισαγγελία με συμμετοχή και της Κύπρου,http://www.mof.gov.cy/mof/tax/taxdep.nsf/All/5145DD849979664BC225890A004B0682?OpenDocument,30/11/2022 12:42:32
"Επιβολή και Είσπραξη τέλους 0,4% σύμφωνα με τον, περί του Κεντρικού Φορέα Ισότιμης Κατανομής Βαρών, Νόμο ",http://www.mof.gov.cy/mof/tax/taxdep.nsf/All/962039A97ACE7AB7C2258901002E2B54?OpenDocument,21/11/2022 07:29:57
Έρευνα για τη Φορολογική Συμπεριφορά και την Ικανοποίηση τωνΦορολογουμένων,http://www.mof.gov.cy/mof/tax/taxdep.nsf/All/ED1577E9FB0ACC57C22588DF0027B2C6?OpenDocument,18/10/2022 07:15:35
Υποχρέωση Αποδοχής Μέσων Πληρωμής με ΚάρταΕπιβολή Διοικητικού Προστίμου για μη Εφαρμογή των Διαταγμάτων,http://www.mof.gov.cy/mof/tax/taxdep.nsf/All/8DF385393D6D66FCC22588DB00257EA8?OpenDocument,14/10/2022 07:22:37
Διευκρινήσεις για την διμερή Συμφωνία μεταξύ Κύπρου και ΗΠΑ,http://www.mof.gov.cy/mof/tax/taxdep.nsf/All/F0FF7946E3CCAF2EC22588DA0026E466?OpenDocument,13/10/2022 07:06:06
" Παράταση Υποβολής Δήλωσης Εισοδήματος Ατόμου για το φορολογικό έτος 2021 ",http://www.mof.gov.cy/mof/tax/taxdep.nsf/All/4CC189B9A14F8EC0C225888D0044DCB9?OpenDocument,28/07/2022 12:36:13
"Νέα ημερομηνία εμπρόθεσμης υποβολής Δήλωσης Εισοδήματος Εταιρείας/ Αυτοεργοδοτούμενου με Λογαριασμούς για το φορολογικό έτος 2020 ",http://www.mof.gov.cy/mof/tax/taxdep.nsf/All/6C0592642661CBDEC225881B0032E29F?OpenDocument,18/07/2022 11:29:54
Επιτοκιο αναφοράς 10ετούς κυβερνητικού ομολόγου της Jamaica κατά την 31.12.2021,http://www.mof.gov.cy/mof/tax/taxdep.nsf/All/05A435FABECC5B25C22588780034DCB8?OpenDocument,07/07/2022 09:44:13
Υποχρέωση Αποδοχής Μέσων Πληρωμής με Κάρτα,http://www.mof.gov.cy/mof/tax/taxdep.nsf/All/5244AE47AB7C668EC22588370040D13D?OpenDocument,31/05/2022 07:45:24
Υποβολή Δήλωσης Εισοδήματος Εταιρείας (ΤΦ4) καιΑυτοεργοδοτούμενου με Λογ/σμούς (ΤΦ1 Λογ.)για το Φορολογικό Έτος 2021,http://www.mof.gov.cy/mof/tax/taxdep.nsf/All/78D51D91EBAE0D3EC225884E002809AB?OpenDocument,26/05/2022 07:19:04
Μίσθωση Ακίνητης Ιδιοκτησίας_Έντυπο Απαλλαγής Ακινήτου από Υπαγωγή σε Φ.Π.Α. ΤΦ1220,http://www.mof.gov.cy/mof/tax/taxdep.nsf/All/3DA1724B2EF6C1A0C22587FB002D5BED?OpenDocument,04/03/2022 07:17:54
"Εμπρόθεσμη Υποβολή Φορολογικών Δηλώσεων μέχρι  31/03/2022 ",http://www.mof.gov.cy/mof/tax/taxdep.nsf/All/94EB0EDA98EE5C29C22587F9003AFB92?OpenDocument,02/03/2022 09:45:33
"Επιτόκια Απόδοσης των 10ετών Κυβερνητικών Ομολόγων του Παναμά (σε δολάρια ΗΠΑ) και της Ουκρανίας (σε γρίβνα) ",http://www.mof.gov.cy/mof/tax/taxdep.nsf/All/1B162F4DEE77D08CC22587E9003FEC85?OpenDocument,14/02/2022 10:42:40
"Πληρωμή ΦΠΑ σε δόσεις για την περίοδο που λήγει στις 31/12/2021 ",http://www.mof.gov.cy/mof/tax/taxdep.nsf/All/E17C73FCE3F97A10C22587E500323836?OpenDocument,10/02/2022 08:14:58
"Επιτόκια Απόδοσης 10ετών Κυβερνητικών Ομολόγων κατά την 31/12/2021 ",http://www.mof.gov.cy/mof/tax/taxdep.nsf/All/A120A358D72460EFC22587DE00479CD3?OpenDocument,03/02/2022 12:21:18
"Νέοι Αριθμοί Εγγραφής ΦΠΑ Εμπορευομένων στη Βουλγαρία ",http://www.mof.gov.cy/mof/tax/taxdep.nsf/All/5070DA006A89D1C6C22587D6002D81BD?OpenDocument,26/01/2022 07:19:59
"Παράταση Υποβολής Δηλώσεων Παρακράτησης ΕΑΕ και ΓεΣΥ σε Τόκους(ΤΦ 602) και σε Μερίσματα (ΤΦ 603) ",http://www.mof.gov.cy/mof/tax/taxdep.nsf/All/EEB1243771C79B1BC22587D6002A6A77?OpenDocument,26/01/2022 07:17:12
"Ανεπιθύμητη αλληλογραφία ",http://www.mof.gov.cy/mof/tax/taxdep.nsf/All/F76A9E9545A6D2BAC22587D1003D61DB?OpenDocument,21/01/2022 10:14:09
"Επιστροφή ΦΠΑ 14% σε γη η οποία αγοράστηκε από γονέα ή κηδεμόνα και η οποία μεταβιβάζεται σε ενήλικο τέκνο για ανέγερση κατοικίας η οποία υπόκειται σε μειωμένο συντελεστή ΦΠΑ 5%. ",http://www.mof.gov.cy/mof/tax/taxdep.nsf/All/664A3362A46D4F9AC22587CE0035E8EF?OpenDocument,18/01/2022 09:47:43
"Κυβερνητικές εγγυήσεις σε πιστωτικά ιδρύματα για παραχώρηση δανείων σε επιχειρησεις και έκδοση Βεβαίωσης διευθέτησης φορολογικών υποχρεώσεων  ",http://www.mof.gov.cy/mof/tax/taxdep.nsf/All/0DB244F796661CD6C22587BF0042FCAF?OpenDocument,03/01/2022 11:16:22
"CbCR_Παράταση Ημερομηνίας Υποβολής Εκθέσεων Ανά Χώρα   ",http://www.mof.gov.cy/mof/tax/taxdep.nsf/All/93B9B057780457ACC22587B10046D043?OpenDocument,20/12/2021 12:24:42
"Πληρωμή/Αναθεώρηση 2ης Δόσης Προσωρινής Φορολογίας για το έτος 2021 ",http://www.mof.gov.cy/mof/tax/taxdep.nsf/All/4658D7C2866543D2C22587AD002EE8E0?OpenDocument,16/12/2021 07:45:43
"Πληρωμές Φόρων Άμεσης Φορολογίας ",http://www.mof.gov.cy/mof/tax/taxdep.nsf/All/DEEF7D03DD9322A0C22587A300311943?OpenDocument,06/12/2021 07:57:44
Δημοσίευση για Εξεύρεση Κτιρίου για στέγαση του Επαρχιακού Γραφείου Λεμεσού,http://www.mof.gov.cy/mof/tax/taxdep.nsf/All/87A84C247FE14E32C22587A00029ED37?OpenDocument,03/12/2021 06:40:09
"Μη Επιβολή Διοικητικού Προστίμου για υποβολή Φορολογικών Δηλώσεων μέχρι και τις 6/12/2021  (ΤΦ1, ΤΦ1 Αυτ, ΤΦ4)  ",http://www.mof.gov.cy/mof/tax/taxdep.nsf/All/AAF50D0E9ED4EE95C225879F002C7FA8?OpenDocument,02/12/2021 07:16:25
"Τελευταία ημερομηνία εμπρόθεσμης υποβολής Δήλωσης Εισοδήματος Εταιρείας και Δήλωσης Εισοδήματος Αυτοεργοδοτούμενου με Λογ/σμούς για το έτος 2019 ",http://www.mof.gov.cy/mof/tax/taxdep.nsf/All/800F6364EE4991D9C2258798002727A4?OpenDocument,25/11/2021 06:08:58
"Τελευταία ημερομηνία εμπρόθεσμης υποβολής της Δήλωσης Εισοδήματος Ατόμου 2020 και πληρωμής του οφειλόμενου Φόρου ",http://www.mof.gov.cy/mof/tax/taxdep.nsf/All/E0124FC913F50B93C22587980026EF98?OpenDocument,25/11/2021 06:07:37
"DAC6_Παράταση στην επιβολή διοικητικών προστίμων για εκπρόθεσμη υποβολή πληροφόρησης ",http://www.mof.gov.cy/mof/tax/taxdep.nsf/All/104F00608FB04EE0C2258757002892C0?OpenDocument,22/11/2021 08:05:36
DAC6_Παράταση στην επιβολή διοικητικών προστίμων για εκπρόθεσμη υποβολή πληροφόρησης,http://www.mof.gov.cy/mof/tax/taxdep.nsf/All/E5BB129517D2781DC22587950031AA45?OpenDocument,22/11/2021 08:03:58
"Επαρχιακό Γραφείο Φ.Π.Α. Λ/σού _κλειστό την Τετάρτη 17/11/2021 λόγω κρούσματος COVID 19 ",http://www.mof.gov.cy/mof/tax/taxdep.nsf/All/9C202161C1836DBFC225879000222D8C?OpenDocument,17/11/2021 05:18:17
"Έκδοση Διατάγματος για τον τρόπο εφαρμογής και ρύθμισης θεμάτων που προκύπτουν αναφορικά με την Οδηγία DAC6. ",http://www.mof.gov.cy/mof/tax/taxdep.nsf/All/49F222224A9ADCF4C2258780003E7A10?OpenDocument,01/11/2021 10:23:31
"Διευκρινήσεις για την διμερή Συμφωνία μεταξύ Κύπρου και ΗΠΑ ",http://www.mof.gov.cy/mof/tax/taxdep.nsf/All/C447848D169F75CBC22587680028602E?OpenDocument,08/10/2021 07:30:26
"Παράταση Υποβολής Δήλωσης Εισοδήματος Εταιρείας και Δήλωσης Εισοδήματος Αυτοεργοδοτούμενου με Λογ/σμούς για το έτος 2019 ",http://www.mof.gov.cy/mof/tax/taxdep.nsf/All/FAC9498BA11EBB71C225875E0028F59A?OpenDocument,28/09/2021 07:53:01
"Κεντρικό Τηλέφωνο Επικοινωνίας με το Επαρχιακό Γραφείο Λευκωσίας  ",http://www.mof.gov.cy/mof/tax/taxdep.nsf/All/058FC5041A7D77E1C225875E00201D4B?OpenDocument,28/09/2021 07:27:20
"Αποδοχή Μέσων Πληρωμής με Κάρτα - Διενέργεια ελέγχων για εφαρμογή του Διατάγματος ",http://www.mof.gov.cy/mof/tax/taxdep.nsf/All/430A0B17AE6A7798C225875A002D5C06?OpenDocument,24/09/2021 08:36:05
"DAC6 – Οδηγία της Ευρωπαϊκής Επιτροπής για την υποχρεωτική αποκάλυψη και ανταλλαγή πληροφόρησης για διασυνοριακές ρυθμίσεις -  Χρήση υφιστάμενου XML Schema ΜΕΧΡΙ 3 Αυγούστου 2021 ",http://www.mof.gov.cy/mof/tax/taxdep.nsf/All/DFE90DAAE669BB79C2258722002528A2?OpenDocument,30/07/2021 06:48:03
DAC6 – Οδηγία της Ευρωπαϊκής Επιτροπής για την υποχρεωτική αποκάλυψη και ανταλλαγή πληροφόρησης για διασυνοριακές ρυθμίσεις -  Επικαιροποιημένο XML Schema από τις 5 Αυγούστου 2021,http://www.mof.gov.cy/mof/tax/taxdep.nsf/All/3806B8F52B2E8136C2258721002D2985?OpenDocument,29/07/2021 08:17:33
"Αλλαγές στο σύστημα INTRASTAT από τον Ιανουάριο του 2022 ",http://www.mof.gov.cy/mof/tax/taxdep.nsf/All/2DE1BCE2A26144D1C2258720002EA3D8?OpenDocument,28/07/2021 08:30:49
"DAC6 – Οδηγία του Συμβουλίου της ΕΕ για την υποχρεωτική αποκάλυψη και ανταλλαγή πληροφόρησης για διασυνοριακές ρυθμίσεις ",http://www.mof.gov.cy/mof/tax/taxdep.nsf/All/B55769B9F5E87FEDC22586EA0021AC04?OpenDocument,04/06/2021 10:00:26
"Προθεσμία για την καταβολή έκτακτης αμυντικής εισφοράς (623) και ΓεΣΥ (723) αναφορικά με τη λογιζόμενη διανομή κερδών του έτους 2018 ",http://www.mof.gov.cy/mof/tax/taxdep.nsf/All/9FB5CB6B6EAF2A0CC22586C5001E3359?OpenDocument,27/05/2021 08:27:32
"Εξυπηρέτηση Φορολογουμένων ",http://www.mof.gov.cy/mof/tax/taxdep.nsf/All/0FE574DC10F5F2AEC22586DA0021C44A?OpenDocument,27/05/2021 08:26:40
"Νέοι κανόνες ΦΠΑ αναφορικά με το Ηλεκτρονικό Διασυνοριακό Εμπόριο ",http://www.mof.gov.cy/mof/tax/taxdep.nsf/All/0C1AF6D91CB8BB03C22586D9002A8F9B?OpenDocument,18/05/2021 08:06:36
"Διακοπή Μηχ/κού συστήματος Επιστροφής ΦΠΑ για επιχειρηματικά έξοδα σε άλλο Κράτος Μέλος ",http://www.mof.gov.cy/mof/tax/taxdep.nsf/All/08D922CEEDE247F8C22586D2002740D8?OpenDocument,11/05/2021 07:14:43
"Παράταση Υποβολής Δηλώσεων για το έτος 2020: Δήλωση Ατόμου χωρίς Λογαριασμούς (ΤΦ1/ΤΦ1αυτ.), Δήλωση Εργοδότη (ΤΦ7), 2η Δόση Προσωρινής Φορολογίας",http://www.mof.gov.cy/mof/tax/taxdep.nsf/All/54A8C26903476C98C22586D100246C70?OpenDocument,10/05/2021 06:41:40
Δήλωση Παρακράτησης από Τόκους και Μερίσματα μέσω TAXISnetΝέα έντυπα ΤΦ 602 και ΤΦ603,http://www.mof.gov.cy/mof/tax/taxdep.nsf/All/74574A3FEA19FA7AC22586CB00426CC1?OpenDocument,04/05/2021 12:06:10
"Εξυπηρέτηση κοινού στα πλαίσια εφαρμογής των μέτρων COVID 19 ",http://www.mof.gov.cy/mof/tax/taxdep.nsf/All/C25F9F037B7A2644C22586C30029C24B?OpenDocument,26/04/2021 08:34:46
"Αλλαγή καθορισμένης φορολογικής περιόδου ΦΠΑ και υπολογισμός οφειλόμενου ΦΠΑ ",http://www.mof.gov.cy/mof/tax/taxdep.nsf/All/68A3E8662211098BC225854C003A5F1F?OpenDocument,23/04/2021 07:32:24
"Δήλωση Εισοδήματος Εταιρειών (ΤΦ4)_ Αυτοφορολογίες ",http://www.mof.gov.cy/mof/tax/taxdep.nsf/All/2276F1EC0503046EC22586BF003D2219?OpenDocument,22/04/2021 11:27:24
"Δικαιώματα των φορολογουμένων της ΕΕ_ Δημόσια διαβούλευση ",http://www.mof.gov.cy/mof/tax/taxdep.nsf/All/327385D1B797C2DAC22586BE0025B01C?OpenDocument,21/04/2021 06:56:13
"Δήλωση Ενοικίων 2021 (ΤΦ 614) ",http://www.mof.gov.cy/mof/tax/taxdep.nsf/All/720D7032BA25B2CDC22586BD00327D5D?OpenDocument,20/04/2021 09:24:30
"Προσωρινή Διακοπή Λειτουργίας των Μηχανογραφικών Συστημάτων Παρασκευή 16/04/2021 ",http://www.mof.gov.cy/mof/tax/taxdep.nsf/All/8D3BC72A246084F7C22586B8002CFE8A?OpenDocument,15/04/2021 08:17:44
"Επιτόκιο Απόδοσης 10ετούς Κυβερνητικού Ομολόγουτης Χιλής κατά τις 31.12.2020 και 31.12.2019 ",http://www.mof.gov.cy/mof/tax/taxdep.nsf/All/64B6F90EC7FD3140C22586B100233996?OpenDocument,08/04/2021 08:24:08
"Πεδίο ΑΦΜ για το σχήμα FATCA XML (προσθήκη νέου κωδικού: 777777777) ",http://www.mof.gov.cy/mof/tax/taxdep.nsf/All/ED7FD771857CD631C22586B0003280AB?OpenDocument,07/04/2021 09:29:15
"Παράταση Υποβολής Δήλωσης Εισοδήματος Εταιρειών και Αυτοεργοδοτουμένων με Λογ/σμούς για το έτος 2019 ",http://www.mof.gov.cy/mof/tax/taxdep.nsf/All/D1182D588F632D58C22586A0003202D3?OpenDocument,23/03/2021 06:43:14
Προσωρινή Διακοπή Λειτουργίας Μηχανογραφικών Συστηματων Τμήματος Φορολογίας,http://www.mof.gov.cy/mof/tax/taxdep.nsf/All/75ACB542D50986A3C2258695002F9107?OpenDocument,11/03/2021 07:40:50
"Πρόσληψη Εργοδοτουμένων Ορισμένου Χρόνου για τις ανάγκες του Τμήματος Φορολογίας-Θέσεις Λειτουργού Υποστήριξης Συστημάτων Πληροφορικής (ΚΛ.Α8, Α10 ΚΑΙ Α11) ",http://www.mof.gov.cy/mof/tax/taxdep.nsf/All/4CB56F43CAC7376AC225868C0038E649?OpenDocument,08/03/2021 08:40:15
"DAC6 – Παράταση στην επιβολή διοικητικών προστίμων για εκπρόθεσμη υποβολή πληροφόρησης ",http://www.mof.gov.cy/mof/tax/taxdep.nsf/All/F2B2388EB7FF44D9C22586880042A10B?OpenDocument,26/02/2021 11:10:51
"Εξυπηρέτηση κοινού η οποία προϋποθέτει επιβεβαίωση πληρωμών που έχουν πραγματοποιηθεί ηλεκτρονικά προς το Τμήμα Φορολογίας ",http://www.mof.gov.cy/mof/tax/taxdep.nsf/All/390A052B4FF1EB02C2258681004578D0?OpenDocument,19/02/2021 11:45:27
"Δημοσιεύματα αναφορικά με την εφαρμογή του Μειωμένου Συντελεστή ΦΠΑ για αγορά ή κατοικίας, που προορίζεται να χρησιμοποιηθεί από το δικαιούχο πρόσωπο ως κύριος και μόνιμος χώρος διαμονής στη Δημοκρατία ",http://www.mof.gov.cy/mof/tax/taxdep.nsf/All/C0C7BD250E6E242CC225867D00465D6C?OpenDocument,15/02/2021 11:59:10
"Πληρωμή ΦΠΑ σε Δόσεις, για τις περιόδους που λήγουν στις 31/12/2020και 31/1/2021, στα πλαίσια διαχείρισης των επιπτώσεων της επιδημίαςCOVID -19 (βλπ σχετική τροποποίηση  στην ανακοίνωση 15/2/2020)",http://www.mof.gov.cy/mof/tax/taxdep.nsf/All/FD517C66C84EA2A7C22586770044D750?OpenDocument,15/02/2021 07:09:25
"Πληρωμή ΦΠΑ σε Δόσεις, για τις περιόδους που λήγουν στις 31/12/2020 και 31/1/2021, στα πλαίσια διαχείρισης των επιπτώσεων της επιδημίας COVID -19 _Διευκρίνηση για επιχειρήσεις με κώδικα οικονομικής δραστηριότητας 46.39 (Μη ειδικευμένο χοντρικό εμπόριο τροφίμων, ποτών και καπνού) ",http://www.mof.gov.cy/mof/tax/taxdep.nsf/All/5BD18137930023A8C225867D002C9345?OpenDocument,15/02/2021 07:08:45
"Επιτόκια Απόδοσης 10ετών Κυβερνητικών Ομολόγων  κατά την 31.12.2020 ",http://www.mof.gov.cy/mof/tax/taxdep.nsf/All/BF33BC7DEC0D4C6CC225867A00375D54?OpenDocument,12/02/2021 09:06:16
"DAC6_Παράταση στην υποβολή πληροφόρησης ",http://www.mof.gov.cy/mof/tax/taxdep.nsf/All/3BB203539A115D1FC2258671002A756F?OpenDocument,03/02/2021 06:50:38
"Προσωρινή Διακοπή Λειτουργίας Μηχανογραφικών Συστημάτων του Τμήματος Φορολογίας  ",http://www.mof.gov.cy/mof/tax/taxdep.nsf/All/B01C9746262D5AA8C225866900308CC9?OpenDocument,29/01/2021 11:35:49
"Κλειστό το Επαρχιακό Γραφείο Άμεσης Φορολογίας Λεμεσού στις 19/01/2021 ",http://www.mof.gov.cy/mof/tax/taxdep.nsf/All/6DF8990745E712E6C22586610050D8A2?OpenDocument,18/01/2021 13:47:17
"Μειωμένος συντελεστής ΦΠΑ στην παροχή υπηρεσιών διαμονής στα πλαίσια του ξενοδοχειακού τομέα, εστιατορίων και εστίασης και μεταφοράς επιβατών στη Δημοκρατία από 11 Ιανουαρίου, 2021 ",http://www.mof.gov.cy/mof/tax/taxdep.nsf/All/303346D0D56082BDC225865A003C519B?OpenDocument,18/01/2021 06:30:50
"Εκτός λειτουργίας τα συστήματα FATCA/DAC2/CRS και CBCR/DAC4 και νέες προδιαγραφές για την υποβολή στοιχείων ",http://www.mof.gov.cy/mof/tax/taxdep.nsf/All/29A574379971EF3AC22586610025E153?OpenDocument,18/01/2021 05:56:37
BREXIT_ Επιστροφές ΦΠΑ με βάση την Οδηγία 2008/9 (Επιστροφές σε Εμπορευόμενους άλλων Κρατών Μελών) για επιχειρηματικά έξοδα που έχουν προκύψει στο Ηνωμένο Βασίλειο,http://www.mof.gov.cy/mof/tax/taxdep.nsf/All/A0735FAB59BE9502C22586560029FABA?OpenDocument,07/01/2021 09:11:45
Μετακινήσεις Αγαθών από το Ηνωμένο Βασίλειο στη Δημοκρατία κατά την αποχώρηση του Ηνωμένου Βασιλείου από την ΕΕ,http://www.mof.gov.cy/mof/tax/taxdep.nsf/All/343627E4F7E515E5C2258656002C5C05?OpenDocument,07/01/2021 07:37:44
"Οδηγία της Ευρωπαϊκής Επιτροπής για την υποχρεωτική αποκάλυψη και ανταλλαγή πληροφόρησης για διασυνοριακές ρυθμίσεις _ DAC6 Γενική πληροφόρηση ",http://www.mof.gov.cy/mof/tax/taxdep.nsf/All/0D0D61169B204059C225865400285622?OpenDocument,05/01/2021 06:31:37
"Εγγραφή Ενδιάμεσων / Φορολογούμενων στην υπηρεσία DAC6 ",http://www.mof.gov.cy/mof/tax/taxdep.nsf/All/DB93C655FC3BA331C2258654002754DF?OpenDocument,05/01/2021 06:20:31
"Αναθεώρηση Προσωρινής Φορολογίας 2020 Πληρωμή 2ης Δόσης Προσωρινής Φορολογίας ",http://www.mof.gov.cy/mof/tax/taxdep.nsf/All/6DE58C84035ABD88C225864C00414A6A?OpenDocument,04/01/2021 08:04:54
"Καταχώρηση Οφειλών στη Φορολογική Πύλη κατά την 31η Δεκεμβρίου 2020 ",http://www.mof.gov.cy/mof/tax/taxdep.nsf/All/7BD1154AD55839AFC225864C00403008?OpenDocument,28/12/2020 11:16:36
"BREXIT: Λήξη Μεταβατικής Περιόδου για Ηνωμένο Βασίλειο_Πρωτόκολλο για την Ιρλανδία/Βόρεια Ιρλανδία και ανακεφαλαιωτικοί πίνακες VIES ",http://www.mof.gov.cy/mof/tax/taxdep.nsf/All/A65DCC00867CF095C22586420034C57F?OpenDocument,18/12/2020 08:40:05
"Κλάδος Ακίνητης Ιδιοκτησίας και Κεφαλαιουχικών Κερδών_Κατάθεση Δηλώσεων Πώλησης/Δωρεάς /Υποθήκης ",http://www.mof.gov.cy/mof/tax/taxdep.nsf/All/3D6ADD73B534F4B9C2258641003FCA6D?OpenDocument,17/12/2020 10:38:00
"Ταμεία Είσπραξης Φόρων Επ/κού Γραφείου Λευκωσίας_ κλειστά 17/12/2020-18/12/2020 ",http://www.mof.gov.cy/mof/tax/taxdep.nsf/All/982D9A214B19874CC225864000476026?OpenDocument,16/12/2020 12:05:37
"Επαρχιακό Γραφείο Τμήματος Φορολογίας Λάρνακας_ κλειστό για το υπόλοιπο της Τρίτης 15/12/2020 και την Τετάρτη 16/12/2020 ",http://www.mof.gov.cy/mof/tax/taxdep.nsf/All/895E83AB8BFFBE12C225863F003B4A6C?OpenDocument,15/12/2020 09:48:46
Παράταση υποβολής CbCR,http://www.mof.gov.cy/mof/tax/taxdep.nsf/All/6213A764203AE5F6C225863F0029683E?OpenDocument,15/12/2020 06:52:04
"Πληρωμή 2ης Δόσης Προσωρινής Φορολογίας για το έτος 2020 ",http://www.mof.gov.cy/mof/tax/taxdep.nsf/All/2F9C456008733336C225863800320243?OpenDocument,14/12/2020 11:51:21
Ταμεία Είσπραξης Φόρων Επ/κού Γραφείου Λευκωσίας - κλειστά 14/12/2020-16/12/2020 - εξυπηρέτηση κοινού,http://www.mof.gov.cy/mof/tax/taxdep.nsf/All/28A820BEF538DAB5C225863B003F302F?OpenDocument,11/12/2020 10:43:29
"Κλειστά την Παρασκευή 11/12/2020 τα Επαρχιακά Γραφεία Λευκωσίας ( Άμεσης Φορολογίας και Φ.Π.Α.), το Γραφείο Μεγάλων Φορολογουμένων Λευκωσίας και οΤομέας VIMA ",http://www.mof.gov.cy/mof/tax/taxdep.nsf/All/8B615B71E6857B2FC225863A004F04C2?OpenDocument,10/12/2020 13:33:08
Τηλεφωνική και ηλεκτρονική επικοινωνία με το Τμήμα Φορολογίας,http://www.mof.gov.cy/mof/tax/taxdep.nsf/All/43F52AC28D2B64AAC225855A00500AE9?OpenDocument,09/12/2020 08:00:04
Παράταση Υποβολής Δήλωσης Εισοδήματος Ατόμου και Πληρωμής Φόρου για το έτος 2019,http://www.mof.gov.cy/mof/tax/taxdep.nsf/All/C1AB6526B9288901C225862D004BD4ED?OpenDocument,27/11/2020 12:52:56
"Μεταστέγαση Επαρχιακών Γραφείων Λευκωσίας,Τομέα VIMA και Γραφείου Μεγάλων Φορολογουμένων Λευκωσίας_Εξυπηρέτηση κοινού ",http://www.mof.gov.cy/mof/tax/taxdep.nsf/All/AF143A29D8FDCEE2C225862C0058C376?OpenDocument,26/11/2020 15:15:26
"Κλειστό το Επαρχιακό Γραφείο Τμήματος Φορολογίας Λάρνακας την Παρασκευή 27/11/2020 ",http://www.mof.gov.cy/mof/tax/taxdep.nsf/All/D11F34175BA5866FC225862C0058EE05?OpenDocument,26/11/2020 15:14:06
"Μεταστέγαση Επαρχιακών Γραφείων Λευκωσίας και Τομέα VIMA- κλειστά από 20/11/2020 μέχρι 25/11/2020 ",http://www.mof.gov.cy/mof/tax/taxdep.nsf/All/33BFE7CD75247E0EC225862600320C4E?OpenDocument,20/11/2020 08:08:58
"Πληρωμή σε δόσεις οφειλόμενου ΦΠΑ του οποίου η καταβολή είχε ανασταλεί για τις 10 Νοεμβρίου, 2020_μέτρα covid19",http://www.mof.gov.cy/mof/tax/taxdep.nsf/All/E509BB83E8DE5B89C225861E003A5E38?OpenDocument,12/11/2020 11:27:34
"Εξυπηρέτηση κοινού στο Επαρχιακό Γραφείο ΦΠΑ Λεμεσού μεταξύ 12/11/2020 – 13/11/2020 ",http://www.mof.gov.cy/mof/tax/taxdep.nsf/All/CECBB9AE02549B54C225861E00275D9D?OpenDocument,12/11/2020 07:17:39
Επιβολή μειωμένου συντελεστή Φ.Π.Α.5%,http://www.mof.gov.cy/mof/tax/taxdep.nsf/All/DC059C78FB4E365EC2258593003CE6BD?OpenDocument,10/11/2020 06:40:28
"Έκδοση Εφαρμοστικής Οδηγίας Αρ. 5/2020_ Διευκρινίσεις ως προς την εφαρμογή του Τροποποιητικού Νόμου 126(I) του 2020 ",http://www.mof.gov.cy/mof/tax/taxdep.nsf/All/CEAAEBE30FCABA95C22586180034C417?OpenDocument,09/11/2020 08:08:17
"Δικαίωμα καταβολής σε δόσεις οφειλόμενου ΦΠΑ του οποίου η καταβολή είχε ανασταλεί για τις 10 Νοεμβρίου, 2020 ",http://www.mof.gov.cy/mof/tax/taxdep.nsf/All/B2A7F516D50D9D52C225861500443C26?OpenDocument,03/11/2020 11:31:08
Aπόκτηση Μεταχειρισμένων Αυτοκινήτων από άλλα Κράτη Μέλη της Ε.Ε.,http://www.mof.gov.cy/mof/tax/taxdep.nsf/All/CA40F805AAF82E44C225861500417820?OpenDocument,03/11/2020 11:01:30
"Εξυπηρέτηση κοινού στο Επαρχιακό Γραφείο Αμμοχώστου_ 03/11/2020 μέχρι 04/11/2020 ",http://www.mof.gov.cy/mof/tax/taxdep.nsf/All/8A876F4DF60F9FD4C22586140046F43A?OpenDocument,02/11/2020 11:59:43
"Απόκτηση Μεταχειρισμένων Αυτοκινήτων από άλλο Κράτος Μέλος της Ευρωπαϊκής Ένωσης ",http://www.mof.gov.cy/mof/tax/taxdep.nsf/All/21BA7F771A65E18CC22586110029EC9B?OpenDocument,30/10/2020 06:57:37
"Έκδοση Εφαρμοστικής Οδηγίας Αρ. 4/2020_Φορολογική  κατοικία και μόνιμη εγκατάσταση  στα πλαίσια COVID 19 ",http://www.mof.gov.cy/mof/tax/taxdep.nsf/All/1A25C0130EBDE077C225860E00324437?OpenDocument,27/10/2020 08:11:38
"Στατιστική Έρευνα που διεξάγει το Τμήμα Φορολογίας με θέμα: «Φορολογική Συμπεριφορά και Ικανοποίηση Φορολογουμένων» ",http://www.mof.gov.cy/mof/tax/taxdep.nsf/All/810EE538AD341F31C225860D0037E1EE?OpenDocument,26/10/2020 10:36:13
"Εξυπηρέτηση κοινού στα πλαίσια εφαρμογής των μέτρων COVID 19 ",http://www.mof.gov.cy/mof/tax/taxdep.nsf/All/B66982378A91E5A6C225860A004330EB?OpenDocument,26/10/2020 10:36:07
Αλλαγή διαδικασίας χαρτοσήμανσης εγγράφων με βάση την αξία της σύμβασης,http://www.mof.gov.cy/mof/tax/taxdep.nsf/All/E61D71A140A57922C22585AD003F9C76?OpenDocument,23/10/2020 08:18:48
Παράταση Υποβολής Δήλωσης Εισοδήματος Ατόμου 2019,http://www.mof.gov.cy/mof/tax/taxdep.nsf/All/D53A7BE80E391E14C225860800311C81?OpenDocument,21/10/2020 09:12:59
"Εξυπηρέτηση κοινού στο Επαρχιακό Γραφείο, Άμεσης Φορολογίας Λεμεσού μεταξύ 15/10/2020 – 19/10/2020 ",http://www.mof.gov.cy/mof/tax/taxdep.nsf/All/C50CBC1578D3A847C2258602001FAC26?OpenDocument,15/10/2020 06:03:00
"Ενιαίο σύστημα φορολογικής διαχείρισης_Διαγωνισμός ΤΦ 06/2017_κατακύρωση προσφοράς ",http://www.mof.gov.cy/mof/tax/taxdep.nsf/All/60BDBA29B17C7C78C22585FC003126E7?OpenDocument,09/10/2020 08:58:35
"Προσωρινή Διακοπή Λειτουργίας των Μηχ/κών Συστημάτων του Τμήματος Φορολογίας   ",http://www.mof.gov.cy/mof/tax/taxdep.nsf/All/5CD35F98447C9CC8C22585F8001ADEF6?OpenDocument,05/10/2020 04:55:51
"Απόκτηση Μεταχειρισμένων Αυτοκινήτων από το Ηνωμένο Βασίλειο ",http://www.mof.gov.cy/mof/tax/taxdep.nsf/All/93E49846800497FEC22585F2001CD2FA?OpenDocument,29/09/2020 10:13:48
"Εφαρμοστική Οδηγία 01/2020_Προσθήκη νέου άρθρου 11 Ε ",http://www.mof.gov.cy/mof/tax/taxdep.nsf/All/716675DEFFDCE2A5C22585F200380705?OpenDocument,29/09/2020 10:13:30
"Υποβολή Δήλωσης Εισοδήματος Ατόμου 2019 ",http://www.mof.gov.cy/mof/tax/taxdep.nsf/All/BE8B63B278610C82C22585EA00316663?OpenDocument,22/09/2020 11:14:29
"Προσωρινή Διακοπή  Λειτουργίας των Μηχ/κών Συστημάτων του Τμήματος Φορολογίας ",http://www.mof.gov.cy/mof/tax/taxdep.nsf/All/04CC04EDAF720A7AC22585EA00290799?OpenDocument,21/09/2020 07:32:22
Επιστροφή Πιστωτικού Υπολοίπου Φόρου /ΦΠΑ,http://www.mof.gov.cy/mof/tax/taxdep.nsf/All/3A07144641A62CAAC22585E3001C9771?OpenDocument,14/09/2020 05:13:28
"Διευκρινίσεις για την διμερή Συμφωνία μεταξύ Κύπρου και ΗΠΑ ",http://www.mof.gov.cy/mof/tax/taxdep.nsf/All/2C4BB9ABAEF89D0FC22585D900387870?OpenDocument,14/09/2020 05:12:12
"Ηλεκτρονική είσπραξη Φόρων και Εισφορών ",http://www.mof.gov.cy/mof/tax/taxdep.nsf/All/E060941E3DD9D0E8C22585D900259A69?OpenDocument,04/09/2020 06:57:24
Επιτόκια αναφοράς 10ετών κυβερνητικών ομολόγων κατά την 31/12/2019,http://www.mof.gov.cy/mof/tax/taxdep.nsf/All/70B459F8443C5466C22585D900246604?OpenDocument,04/09/2020 06:48:04
Υποβολή Δήλωσης Εισοδήματος 2019,http://www.mof.gov.cy/mof/tax/taxdep.nsf/All/3C86C1E462C2DA7DC22585CF003A0004?OpenDocument,25/08/2020 10:45:27
Αλλαγή στην διαδικασία χαρτοσήμανσης εγγράφων με σταθερά τέλη,http://www.mof.gov.cy/mof/tax/taxdep.nsf/All/928129CE8BE35014C2258593003B8B7E?OpenDocument,05/08/2020 09:16:56
Ανεπιθύμητο ηλεκτρονικό μήνυμα,http://www.mof.gov.cy/mof/tax/taxdep.nsf/All/2041F34A00D5A6CBC22585B3003F0133?OpenDocument,28/07/2020 11:28:42
Φορολογική Πύλη - Διόρθωση Οφειλής,http://www.mof.gov.cy/mof/tax/taxdep.nsf/All/A0C14484BA145F48C22585B3003A51A4?OpenDocument,28/07/2020 10:38:14
DAC6 - Οδηγία της Ευρωπαικής Έπιτροπής για την υποχρεωτική αποκάλυψη και ανταλλαγή πληροφόρησης για διασυνοριακές ρυθμίσεις,http://www.mof.gov.cy/mof/tax/taxdep.nsf/All/B78C30EE08A54E27C22585B200319D5B?OpenDocument,27/07/2020 09:04:08
Φορολογική Πύλη - Πληρωμές,http://www.mof.gov.cy/mof/tax/taxdep.nsf/All/F146B5BEFF030663C22585B20026EB0C?OpenDocument,27/07/2020 07:12:38
"Επέκταση της Ρύθμισης Ληξιπρόθεσμων Οφειλών για περιόδους μέχρι 31/12/2015 Τροποποιητικός Νόμος 84(Ι)/2020  ",http://www.mof.gov.cy/mof/tax/taxdep.nsf/All/51A9AF9F0077FFC4C22585AC0040441D?OpenDocument,21/07/2020 11:43:43
"Παράταση Ημερομηνίας Υποβολής Στοιχείων DAC2, FATCA και CRS ",http://www.mof.gov.cy/mof/tax/taxdep.nsf/All/2C777A5E53F2368FC22585A7002C0460?OpenDocument,16/07/2020 08:03:17
1η Δόση Προσωρινής Φορολογίας για το έτος 2020,http://www.mof.gov.cy/mof/tax/taxdep.nsf/All/AE4AF119A61771CCC22585A5003732DE?OpenDocument,14/07/2020 10:04:24
"Ειδικό Καθεστώς Αστικών Ταξί_ Υποβολή δήλωσης καταβολής του κατ’αποκοπήν ποσού Φ.Π.Α. ",http://www.mof.gov.cy/mof/tax/taxdep.nsf/All/43520054B6EB1DB4C22585A1003080BC?OpenDocument,10/07/2020 08:54:01
"Πληρωμή ΦΠΑ για τη φορολογική περίοδο που λήγει 31/5/2020 και επαναφορά μηνιαίων Δηλώσεων ΦΠΑ σε τριμηνιαίες  ",http://www.mof.gov.cy/mof/tax/taxdep.nsf/All/A2E800A2F605524BC22585A10029F14A?OpenDocument,10/07/2020 07:40:05
"Έκδοση Βεβαίωσης διευθέτησης φορολογικών υποχρεώσεων για σκοπούς του σχεδίου επιδότησης νέων στεγαστικών δανείων ",http://www.mof.gov.cy/mof/tax/taxdep.nsf/All/17C1C7F33B143DD6C225859E00290810?OpenDocument,07/07/2020 11:59:16
"Έναρξη  Λειτουργίας της Ηλεκτρονικής Υπηρεσίας "" Φορολογική Πύλη""",http://www.mof.gov.cy/mof/tax/taxdep.nsf/All/ABF0252C85D35D63C225859900427409?OpenDocument,02/07/2020 12:18:42
Νέα έντυπα TAXISnet ΦΠΑ_πρόσβαση/ακύρωση πρόσβασης/αλλαγή στοιχείων,http://www.mof.gov.cy/mof/tax/taxdep.nsf/All/10F90D8B87FCA568C22585960033BD43?OpenDocument,29/06/2020 10:14:18
Φορολογική Πύλη του Τμήματος Φορολογίας,http://www.mof.gov.cy/mof/tax/taxdep.nsf/All/994C698985893464C2258593003B4418?OpenDocument,26/06/2020 10:48:47
Διακοπή Λειτουργίας  Μηχανογραφικών Συστημάτων Τμήματος Φορολογίας στις 19/6/2020,http://www.mof.gov.cy/mof/tax/taxdep.nsf/All/127882BAF1C737CCC225858C00171F77?OpenDocument,19/06/2020 04:15:45
"Παράταση υποβολής Δήλωσης Εισοδήματος (ΤΦ1) και (ΤΦ1αυτοεργ.) για το έτος 2019 και πληρωμής οφειλόμενου φόρου ",http://www.mof.gov.cy/mof/tax/taxdep.nsf/All/93342E2BC31905B9C225858900375F6D?OpenDocument,16/06/2020 10:07:14
Αναστολή της καταβολής ΦΠΑ στα πλαίσια του προγράμματος στήριξης για αντιμετώπιση των επιπτώσεων του ιού COVID 19,http://www.mof.gov.cy/mof/tax/taxdep.nsf/All/697602AE780FCD0DC225853B003842B0?OpenDocument,01/06/2020 07:16:20
Ενδεχόμενη παράταση ημερομηνίας υποβολής στοιχείων στα πλαίσια της Αυτόματης Ανταλλαγής Φορολογικών Πληροφοριών,http://www.mof.gov.cy/mof/tax/taxdep.nsf/All/AE95306939C9C48EC22585700043069E?OpenDocument,22/05/2020 12:19:18
"Νέα παράταση  υποβολής της Δήλωσης Εισοδήματος Εταιρειών και Αυτοεργοδοτουμένων με Λογ/σμούς για το έτος 2018 ",http://www.mof.gov.cy/mof/tax/taxdep.nsf/All/24210F7AE09BB3A4C22585700040A574?OpenDocument,22/05/2020 12:01:16
Διευρυμένο ωράριο εξυπηρέτησης κοινού για την περίοδο από18/5/2020 μέχρι 31/5/2020,http://www.mof.gov.cy/mof/tax/taxdep.nsf/All/7FDEA0E8829CF0BDC225856600454FD5?OpenDocument,12/05/2020 12:41:43
Υποχρεωτική αποκάλυψη και ανταλλαγή πληροφόρησης για διασυνοριακές ρυθμίσεις στο πλαίσιο DAC6,http://www.mof.gov.cy/mof/tax/taxdep.nsf/All/6E9FDA338F8027F3C2258477003BE228?OpenDocument,30/04/2020 07:50:27
"Καλλιτεχνικές Εκδηλώσεις - Διάταγμα με βάση το άρθρο 23 της περί ΦΠΑ Νομοθεσίας ",http://www.mof.gov.cy/mof/tax/taxdep.nsf/All/EB6E12357B2CF131C225851200485A31?OpenDocument,30/04/2020 07:49:53
Εξυπηρέτηση κοινού στα πλαίσια εφαρμογής των μέτρων για περιορισμό της εξάπλωσης του ιού COVID-19,http://www.mof.gov.cy/mof/tax/taxdep.nsf/All/9DB11283549DEB0EC225852C00605B2F?OpenDocument,30/04/2020 07:49:30
"Αλλαγή καθορισμένης φορολογικής περιόδου και υπολογισμός του οφειλόμενου φόρου (διευκρινιστική ανακοίνωση) ",http://www.mof.gov.cy/mof/tax/taxdep.nsf/All/CA14382126CA3BECC2258551003A3570?OpenDocument,22/04/2020 10:08:52
"Αναστολή εργασιών Επαρχιακού Γραφείου Λάρχνακας μέχρι και την Τετάρτη 22 Απριλίου 2020 ",http://www.mof.gov.cy/mof/tax/taxdep.nsf/All/71E90FCC7643E22AC2258551001F9D45?OpenDocument,21/04/2020 05:57:35
"Αναστολή εργασιών Επαρχιακού Γραφείου Λεμεσού - Άμεσης Φορολογίας μέχρι και την 10η Απριλίου 2020 ",http://www.mof.gov.cy/mof/tax/taxdep.nsf/All/7E8A6F325F16D701C225854200288E41?OpenDocument,21/04/2020 05:45:15
"Αυστηρότερη εφαρμογή των μέτρων που λαμβάνονται για περιορισμό της εξάπλωσης του ιού COVID-19 ",http://www.mof.gov.cy/mof/tax/taxdep.nsf/All/3FF183E221EAB148C225852D0036C1CB?OpenDocument,15/04/2020 09:56:16
"Αναστολή της εφαρμογής του,Περί Φόρου Προστιθέμενης Αξίας (Απόδοση Φόρου από Ορισμένες Κατηγορίες Προσώπων), Διατάγματος του 2020 ",http://www.mof.gov.cy/mof/tax/taxdep.nsf/All/52A0D98A437E3EAAC225854600399604?OpenDocument,13/04/2020 05:59:16
"Παράταση ημερομηνίας υποβολής της Δηλώσης Εισοδήματος 2018  Εταιρειών και Αυτοεργοδοτούμενων με Λογαριασμούς  ",http://www.mof.gov.cy/mof/tax/taxdep.nsf/All/B63FDE25432458DCC225853B003F8D42?OpenDocument,30/03/2020 11:37:30
Εισφορές Γεσύ για το έτος 2020,http://www.mof.gov.cy/mof/tax/taxdep.nsf/All/FED4852C9F792CD5C225853B00378E00?OpenDocument,30/03/2020 10:07:56
"Εξυπηρέτηση Φορολογουμένων στα πλαίσια εφαρμογής των μέτρων για περιορισμό της εξάπλωσης του ιού COVID-19 ",http://www.mof.gov.cy/mof/tax/taxdep.nsf/All/A2291ED8F84D48ACC225852800496063?OpenDocument,15/03/2020 16:37:20
"Ενδείξεις για πιθανή απάτη στην αγορά μεταχειρισμένων αυτοκινήτων ",http://www.mof.gov.cy/mof/tax/taxdep.nsf/All/1EB630E24CAF50AFC22585290029BB13?OpenDocument,15/03/2020 16:32:25
"Πληρωμή φορολογιών οι οποίες φέρουν τόκους και επιβαρύνσεις και αφορούν τα φορολογικά έτη/περιόδους μέχρι και το 2015 ",http://www.mof.gov.cy/mof/tax/taxdep.nsf/All/B9801B83E6BF6F0CC2258529003BEC82?OpenDocument,12/03/2020 09:56:08
"Επέκταση της Ρύθμισης Ληξιπρόθεσμων Οφειλών για περιόδους μέχρι 31/12/2015 Τροποποιητικός Νόμος 11(Ι)/2020 ",http://www.mof.gov.cy/mof/tax/taxdep.nsf/All/8FFA50E57C5CC3BAC2258511003E6755?OpenDocument,17/02/2020 10:51:01
"Επιτόκια Απόδοσης 10ετών Κυβερνητικών Ομολόγων κατά την 31.12.2019  ",http://www.mof.gov.cy/mof/tax/taxdep.nsf/All/A0FCDAFC3A739449C225850C00412DDF?OpenDocument,12/02/2020 11:36:39
"Brexit και Επιστροφές ΦΠΑ  με βάση την Οδηγία 2008/9 ",http://www.mof.gov.cy/mof/tax/taxdep.nsf/All/D48B589F0EB62000C2258507003D79BF?OpenDocument,07/02/2020 10:25:23
"Αποχώρηση Ηνωμένου Βασίλειου από την ΕΕ και Μετακινήσεις Αγαθών από το Ηνωμένο Βασίλειο προς τη Δημοκρατία μετά την 1.1.2021 ",http://www.mof.gov.cy/mof/tax/taxdep.nsf/All/A26BA245557697DFC2258507003DD3EC?OpenDocument,07/02/2020 10:21:23
"Έξοδος Ηνωμένου Βασιλείου από την Ευρωπαϊκή Ένωση με Συμφωνία αποχώρησης ",http://www.mof.gov.cy/mof/tax/taxdep.nsf/All/E3FBC08B91764E61C2258507003DF39B?OpenDocument,07/02/2020 10:17:32
"Έξοδος Ηνωμένου Βασιλείου από την ΕΕ με Συμφωνία Αποχώρησης και Ανακαιφαλαιωτικοί Πίνακες (VIES) ",http://www.mof.gov.cy/mof/tax/taxdep.nsf/All/86EE38CEF127DE0DC22585030035D4B7?OpenDocument,03/02/2020 08:52:35
"Έξοδος Ηνωμένου Βασιλείου από την Ε.Ε. με συμφωνία Αποχώρησης και Δηλώσεις   INTRASTAT ",http://www.mof.gov.cy/mof/tax/taxdep.nsf/All/8448C43CCBCFB940C225850300361FCE?OpenDocument,03/02/2020 08:52:23
"Πρόσκληση Ενδιαφέροντος Προσώπων για Διορισμό ως Ανεξάρτητες Προσωπικότητες ",http://www.mof.gov.cy/mof/tax/taxdep.nsf/All/776B58FE4902A89DC22584F200380C87?OpenDocument,17/01/2020 10:16:35
Αποθέματα στη Διάθεση Συγκεκριμένου Αποκτώντος (Call-off Stocks),http://www.mof.gov.cy/mof/tax/taxdep.nsf/All/763C11D96D6BB311C22584F1002B5ABB?OpenDocument,17/01/2020 06:10:13
Προκήρυξη για τη Μίσθωση Υπηρεσιών δύο Νομικών Συμβούλων,http://www.mof.gov.cy/mof/tax/taxdep.nsf/All/C0C23D64FD52C8BCC22584EF0025A59B?OpenDocument,14/01/2020 05:58:11
"Έκπτωση για ασφάλιστρα και συνεισφορές ",http://www.mof.gov.cy/mof/tax/taxdep.nsf/All/80D8879C2E601533C22584E8002CBB33?OpenDocument,07/01/2020 07:10:17
"Αλλαγή στο Ωράριο Λειτουργίας των Ταμείων στα Επ/κά Γραφεία Είσπραξης Φόρων κατά την 31η Δεκεμβρίου 2019 ",http://www.mof.gov.cy/mof/tax/taxdep.nsf/All/90D4111468A0B6A1C22584E1002BAE71?OpenDocument,31/12/2019 07:08:47
"Μη διαθέσιμο σύστημα για FATCA, CRS/DAC2 και CbCR/DAC4 ",http://www.mof.gov.cy/mof/tax/taxdep.nsf/All/52E54DFC6C6C9CAAC225849700313530?OpenDocument,23/12/2019 09:33:26
1η Δόση Προσωρινής Φορολογίας 2019,http://www.mof.gov.cy/mof/tax/taxdep.nsf/All/47253ADBFE4CDD58C225843B002028A5?OpenDocument,23/12/2019 09:32:33
Ηλεκτρονικές Πληρωμές μέσω JCCsmart,http://www.mof.gov.cy/mof/tax/taxdep.nsf/All/0049F169ECEA4FFFC225843200268F1A?OpenDocument,23/12/2019 09:32:21
"Πληρωμές εισφορών ΓεΣΥ (Γενικού Σχεδίου Υγείας) στο Τμήμα Φορολογίας ",http://www.mof.gov.cy/mof/tax/taxdep.nsf/All/C45593B834A147F1C22584D90036E8E7?OpenDocument,23/12/2019 09:31:34
"CbCR_Παράταση Υποβολής Εκθέσεων ανά Χώρα ",http://www.mof.gov.cy/mof/tax/taxdep.nsf/All/C802AB6758F3D2FBC22584D60040798D?OpenDocument,20/12/2019 10:47:23
Ωράριο Λειτουργίας των ταμείων στα κατά τόπους Επαρχιακά Γραφεία Είσπραξης Φόρων κατά την 31/12/2019,http://www.mof.gov.cy/mof/tax/taxdep.nsf/All/229D9C1C6BE2D2CFC22584D50024DBB7?OpenDocument,19/12/2019 10:40:01
"Ενοίκια Εισπρακτέα_Αυτοφορολογία Έκτακτης Αμυντικής Εισφοράς για το έτος 2019 ",http://www.mof.gov.cy/mof/tax/taxdep.nsf/All/2C5D349D66E5F0A0C22584D500255921?OpenDocument,19/12/2019 05:50:05
"2η δόση Προσωρινής Φορολογίας για το έτος 2019 ",http://www.mof.gov.cy/mof/tax/taxdep.nsf/All/8BA52378A9824AEBC22584D500250F20?OpenDocument,19/12/2019 05:47:29
"Διευκρινήσεις για την διμερή Συμφωνίας μεταξύ Κύπρου και ΗΠΑ ",http://www.mof.gov.cy/mof/tax/taxdep.nsf/All/0D793740989DED8CC22584A3003E845B?OpenDocument,30/10/2019 10:29:26
"Πρόσκληση σε Δημόσια Διαβούλευση για την Υποχρεωτική Αυτόματη Ανταλλαγή Πληροφοριών στον Τομέα της Φορολογίας σχετικά με Δηλωτέες Διασυνοριακές Ρυθμίσεις ",http://www.mof.gov.cy/mof/tax/taxdep.nsf/All/79A5448DAF702EFCC225849B0026CF18?OpenDocument,22/10/2019 07:04:27
Εφαρμογή της συμφωνίας  FATCA – “Accidental Americans”,http://www.mof.gov.cy/mof/tax/taxdep.nsf/All/0B532EFCFDE1DE05C225848700304ECF?OpenDocument,02/10/2019 08:57:13
"Σχέδιο για παροχή χορηγίας (επιστροφή ΦΠΑ)  στην αγορά οικοπέδου για ανέγερση κατοικίας που υπόκειται σε μειωμένο συντελεστή ΦΠΑ   ",http://www.mof.gov.cy/mof/tax/taxdep.nsf/All/E8FCC3EA66BF82E0C225847F0040117E?OpenDocument,30/09/2019 09:05:03
"Υποβολή Δήλωσης Εισοδήματος Αυτοεργοδοτουμένου χωρίς Εξελεγμένους Λογαριασμούς και Πληρωμή  Οφειλόμενου Φόρου  ",http://www.mof.gov.cy/mof/tax/taxdep.nsf/All/DAC9998D74237236C225847A00233884?OpenDocument,19/09/2019 06:32:18
"Πληρωμή Αυτοφορολογίας Μισθωτού/Συνταξιούχου  2018 και 1ης Δόσης Προσωρινής Φορολογίας  2019 ",http://www.mof.gov.cy/mof/tax/taxdep.nsf/All/637A3E230D8EDA1AC22584480045A57F?OpenDocument,31/07/2019 12:44:30
Δήλωση Εισοδήματος Μισθωτού 2018,http://www.mof.gov.cy/mof/tax/taxdep.nsf/All/F593E60D3852F421C225843F0038E6E7?OpenDocument,22/07/2019 10:56:55
Πληρωμή Φόρου Εισοδήματος 2018,http://www.mof.gov.cy/mof/tax/taxdep.nsf/All/D992D68495988CDAC225842000430E58?OpenDocument,26/06/2019 08:25:10
Υποβολή Δήλωσης Εισοδήματος Μισθωτού 2018,http://www.mof.gov.cy/mof/tax/taxdep.nsf/All/4F634E9942107313C22584200040E22E?OpenDocument,21/06/2019 12:12:22
"Διαπραγμάτευση για τη συνομολόγηση διμερούς συμφωνίας Ανταλλαγής Εκθέσεων ανά χώρα μεταξύ της Κύπρου και ΗΠΑ ",http://www.mof.gov.cy/mof/tax/taxdep.nsf/All/9095210F36647C12C225841F0022683A?OpenDocument,20/06/2019 06:22:45
Αποχώρηση Ηνωμένου Βασιλείου από την Ευρωπαϊκή Ένωση και υποβολή Ανακεφαλαιωτικού Πίνακα VIES,http://www.mof.gov.cy/mof/tax/taxdep.nsf/All/679B68D2579DD04BC22583DE002743B4?OpenDocument,13/05/2019 07:14:25
Αποχώρηση Ηνωμένου Βασιλείου από την Ευρωπαϊκή Ένωση και Υποβολή Δήλωσης INTRASTAT,http://www.mof.gov.cy/mof/tax/taxdep.nsf/All/B1B03B4B4960678DC22583DE00276267?OpenDocument,13/05/2019 07:14:19
Yποβολή Δήλωσης Εισοδήματος Ατόμου 2018,http://www.mof.gov.cy/mof/tax/taxdep.nsf/All/D9DEA14B8F06FE7CC22583C10028F30F?OpenDocument,07/05/2019 07:02:55
Φορολογική Βεβαίωση Εισοδήματος Ατόμου 2018,http://www.mof.gov.cy/mof/tax/taxdep.nsf/All/4C8E054155ED6BE8C22583D20022482B?OpenDocument,04/04/2019 06:27:34
Έξοδος Ηνωμένου Βασιλείου από την Ευρωπαϊκή Ένωση και Υποχρέωση Υποβολής Δηλώσεων Intrastat,http://www.mof.gov.cy/mof/tax/taxdep.nsf/All/06C5F303B7D73494C22583D0002B08D8?OpenDocument,02/04/2019 11:26:07
Έξοδος Ηνωμένου Βασιλείου από την Ευρωπαϊκή Ένωση και Ανακεφαλαιωτικοί ΠίνακεςVIES,http://www.mof.gov.cy/mof/tax/taxdep.nsf/All/9E01194A4CBE2817C22583D0002B3B96?OpenDocument,02/04/2019 08:00:23
Κυπριακό Φόρουμ για την Ηλεκτρονική Τιμολόγηση,http://www.mof.gov.cy/mof/tax/taxdep.nsf/All/DCD8EC5D4D7F623CC22583CC00461FE3?OpenDocument,29/03/2019 11:53:39
"Παράταση υποβολής της Δήλωσης Εισοδήματος 2017,  Εταιρειών (ΤΦ 4) και Αυτοεργοδοτουμένων με Λογαριασμούς (ΤΦ 1 Λογ) ",http://www.mof.gov.cy/mof/tax/taxdep.nsf/All/712C8AB4C62D726CC22583CA002FA4FD?OpenDocument,27/03/2019 07:50:25
"Έξοδος Ηνωμένου Βασιλείου από την Ευρωπαϊκή Ένωση χωρίς Συμφωνία αποχώρησης ",http://www.mof.gov.cy/mof/tax/taxdep.nsf/All/AB3A56F374B6ECBBC22583C40041F937?OpenDocument,21/03/2019 11:11:28
"Επιτόκια Απόδοσης Δεκαετούς Κυβερνητικού Ομολόγου διαφόρων χωρών στις 31/12/2018_ επικαιροποιημένος κατάλογος ",http://www.mof.gov.cy/mof/tax/taxdep.nsf/All/BB74B8540EE78154C22583BC0046C1D3?OpenDocument,13/03/2019 11:56:16
Δήλωση Εισοδήματος Εταιρείας και Αυτοεργοδοτούμενου (με Λογαριασμούς)  2017,http://www.mof.gov.cy/mof/tax/taxdep.nsf/All/9CE976542993A4F2C22583B7003FE0C9?OpenDocument,13/03/2019 05:36:40
Αποχώρηση Ηνωμένου Βασιλείου από την Ευρωπαϊκή Ένωση και υποβολή Ανακεφαλαιωτικού Πίνακα VIES,http://www.mof.gov.cy/mof/tax/taxdep.nsf/All/04E210CC58B288EDC22583AF002EAFF7?OpenDocument,04/03/2019 10:58:45
Αποχώρηση Ηνωμένου Βασιλείου από την Ευρωπαϊκή Ένωση και Υποβολή Δήλωσης INTRASTAT,http://www.mof.gov.cy/mof/tax/taxdep.nsf/All/1EEC3330F2C7D1B7C22583AF002F28E3?OpenDocument,28/02/2019 07:37:19
"Επαρχιακά Γραφεία Λάρνακας_ κλειστά, λόγω μεταστέγασης  (Παρασκευή και Δευτέρα 1/3/2019 και 4/3/2019) ",http://www.mof.gov.cy/mof/tax/taxdep.nsf/All/8773C9AB40041352C22583AE00223067?OpenDocument,27/02/2019 08:18:37
Επιστροφές σε Εμπορευόμενους άλλων Κρατών μελών με βάση την Οδηγία 2008/9,http://www.mof.gov.cy/mof/tax/taxdep.nsf/All/655C8C6E0FB5EEA1C22583A900470C23?OpenDocument,22/02/2019 12:00:08
Επιτόκια Απόδοσης Δεκαετούς Κυβερνητικού Ομολόγου διαφόρων χωρών  κατά την 31/12/2018,http://www.mof.gov.cy/mof/tax/taxdep.nsf/All/61D9F3F694FF7C1BC2258392002CB139?OpenDocument,31/01/2019 05:30:06
"Επιτόκια Απόδοσης Δεκαετούς Κυβερνητικού Ομολόγου διαφόρων χωρών  κατά την 31/12/2017 και 31/12/2016  ",http://www.mof.gov.cy/mof/tax/taxdep.nsf/All/CE4A9D4731B2A12FC2258392002C3E61?OpenDocument,30/01/2019 07:08:06
Ενδοομιλικές Συναλλαγές Χρηματοδότησης - Φάκελλος Τεκμηρίωσης των Τιμών των Ενδοομιλικών Συναλλαγών,http://www.mof.gov.cy/mof/tax/taxdep.nsf/All/988780365A10728AC2258378001FEA6A?OpenDocument,04/01/2019 04:58:46
Ρύθμιση Ληξιπρόθεσμων Φορολογικών Οφειλών,http://www.mof.gov.cy/mof/tax/taxdep.nsf/All/CB0F980A924B11E4C22583740037675F?OpenDocument,31/12/2018 09:14:52
Ηλεκτρονική πληρωμή της 2η Δόσης της Προσωρινής Φορολογίας για το Έτος 2018,http://www.mof.gov.cy/mof/tax/taxdep.nsf/All/B28E16E7F910F1A4C225837400331D0D?OpenDocument,31/12/2018 08:23:19
Παράταση Υποβολής της Δήλωση Εισοδήματος Χρηματοπιστωτικών Ιδρυμάτων για το έτος 2017,http://www.mof.gov.cy/mof/tax/taxdep.nsf/All/410B90820B89A431C22583710043B78B?OpenDocument,28/12/2018 11:27:00
Καταβολή Έκτακτης Αμυντικής Εισφοράς  επί Ενοικίων Εισπρακτέων 2ου εξαμήνου,http://www.mof.gov.cy/mof/tax/taxdep.nsf/All/DEAA6E33FD166B58C2258368003B26CD?OpenDocument,19/12/2018 09:49:08
"2η Δόση Προσωρινής Φορολογίας για το Έτος 2018 ",http://www.mof.gov.cy/mof/tax/taxdep.nsf/All/E0D21797F6F8297CC2258368003B0232?OpenDocument,19/12/2018 09:45:26
Προκήρυξη Μίσθωσης Υπηρεσιών Δύο (2) Νομικών Συμβούλων στο Τμήμα Φορολογίας,http://www.mof.gov.cy/mof/tax/taxdep.nsf/All/0312DE49F7A69650C225835F0028F5A4?OpenDocument,11/12/2018 09:10:25
"Διευκρινίσεις για την Υποβολή στοιχείων CbCR/DAC4  ",http://www.mof.gov.cy/mof/tax/taxdep.nsf/All/9A39D6519B66A9C2C225830D003CD6C5?OpenDocument,23/11/2018 06:54:12
"Διόρθωση Δήλωσης Εισοδήματος Ατόμου  2017 ",http://www.mof.gov.cy/mof/tax/taxdep.nsf/All/DC5DC23F53308365C225834B0047FFE1?OpenDocument,20/11/2018 12:08:25
"Πληρωμή Φόρου Εισοδήματος Ατόμου μέσω JCCsmart, μέχρι 30 Νοεμβρίου 2018",http://www.mof.gov.cy/mof/tax/taxdep.nsf/All/87318052E6C4297DC2258338004743E2?OpenDocument,01/11/2018 12:02:48
Φορολογικές Οφειλές Αποθανόντων Προσώπων,http://www.mof.gov.cy/mof/tax/taxdep.nsf/All/5DE7E54A2C174BA1C22583310042410A?OpenDocument,25/10/2018 12:23:53
Υποχρέωση Υποβολής Δήλωσης Εισοδήματος Ατόμου 2017,http://www.mof.gov.cy/mof/tax/taxdep.nsf/All/62AE7B8EDEAC7AEEC22583300039FC44?OpenDocument,24/10/2018 10:35:52
Υποβολή Δήλωσης Εισοδήματος Ατόμου και Πληρωμής Φόρου,http://www.mof.gov.cy/mof/tax/taxdep.nsf/All/A73CC55B965C2323C225830C002E03EE?OpenDocument,15/10/2018 11:22:27
Δήλωση Εισοδήματος Εταιρείας 2017,http://www.mof.gov.cy/mof/tax/taxdep.nsf/All/C24623516D380EF1C225831D002B0BB3?OpenDocument,05/10/2018 09:37:41
"Διάθεση Ακίνητης Ιδιοκτησίας λόγω Αναδιάρθρωσης Δανείων (νομοθεσία-επεξήγηση όρων-αναθεώρηση εντύπων) ",http://www.mof.gov.cy/mof/tax/taxdep.nsf/All/B1A37BC39BC18B97C22582D7003BEFCF?OpenDocument,20/09/2018 07:31:38
"1η Δόση Προσωρινής Φορολογίας για το Έτος 2018  ",http://www.mof.gov.cy/mof/tax/taxdep.nsf/All/E7099CA287CCC72DC22582D7003BEFCE?OpenDocument,17/09/2018 08:53:48
"Παράταση προθεσμίας εκπλήρωσης Φορολογικών και άλλων Υποχρεώσεων προς το Τμήμα Φορολογίας ",http://www.mof.gov.cy/mof/tax/taxdep.nsf/All/EA5439F059D3B8F4C22582FF0029579F?OpenDocument,17/09/2018 08:53:27
"Υπενθύμιση για παράλειψη υποβολής Φορολογικής Δήλωσης ΦΠΑ ",http://www.mof.gov.cy/mof/tax/taxdep.nsf/All/6C238FAA530050B9C2258301003BF8D2?OpenDocument,17/09/2018 08:53:18
"Επιστροφή Φ.Π.Α. με Έμβασμα σε Τραπεζικό Λογαριασμό ",http://www.mof.gov.cy/mof/tax/taxdep.nsf/All/21C3BF25CB80A06EC2258301003C20A7?OpenDocument,17/09/2018 08:53:08
